全国地方公共団体コード,ID,地方公共団体名,名称,名称_カナ,名称_英字,種別,所在地_全国地方公共団体コード,町字ID,所在地_連結表記,所在地_都道府県,所在地_市区町村,所在地_町字,所在地_番地以下,建物名等(方書),緯度,経度,高度の種別,高度の値,アクセス方法,駐車場情報,電話番号,内線番号,FAX番号,連絡先メールアドレス,連絡先FormURL,連絡先備考（その他、SNSなど）,郵便番号,法人番号,団体名,認可等年月日,収容定員,受入年齢,利用可能曜日,開始時間,終了時間,利用可能日時特記事項,一時預かりの有無,子供預かり料金種別,子供預かり料金,子供預かり料金備考,子供預かり開所時間,子供預かり閉所時間,病児保育の有無,授乳室,おむつ替えコーナー,飲食可否,ベビーカー貸出,ベビーカー利用,URL,画像,画像_ライセンス,備考
112038,k130000001,埼玉県川口市,川口市立栄町保育所,カワグチシリツサカエチョウホイクショ,,認可公立保育所,112038,,埼玉県川口市栄町1-2-19,埼玉県,川口市栄町1-2-19,,,,35.80447743,139.7269241,,,,,(048)252-4384,,(048)258-6710,,,,,,川口市,1952/1/25,70,1歳から5歳,月火水木金土,7:00,19:00,土曜日の開所時間は07：00から18：00休所日は日曜日及び祝日、12/29から1/3まで,無,,,,,,,,,,,,,,,
112038,k130000002,埼玉県川口市,川口市立横曽根保育所,カワグチシリツヨコゾネホイクショ,,認可公立保育所,112038,,埼玉県川口市南町1-2-37,埼玉県,川口市南町1-2-37,,,,35.80333025,139.7044606,,,,,(048)252-3588,,(048)258-6712,,,,,,川口市,1948/6/30,120,1歳から5歳,月火水木金土,7:00,19:00,土曜日の開所時間は07：00から18：00休所日は日曜日及び祝日、12/29から1/3まで,有,,,,,,,,,,,,,,,
112038,k130000003,埼玉県川口市,川口市立仲町東保育所,カワグチシリツナカチョウヒガシホイクショ,,認可公立保育所,112038,,埼玉県川口市仲町15-15,埼玉県,川口市仲町15-15,,,,35.80793777,139.7085455,,,,,(048)253-2873,,(048)258-6713,,,,,,川口市,1967/4/1,114,1歳から5歳,月火水木金土,7:00,19:00,土曜日の開所時間は07：00から18：00休所日は日曜日及び祝日、12/29から1/3まで,無,,,,,,,,,,,,,,,
112038,k130000004,埼玉県川口市,川口市立並木保育所,カワグチシリツナミキホイクショ,,認可公立保育所,112038,,埼玉県川口市並木2-3-6,埼玉県,川口市並木2-3-6,,,,35.81703382,139.707111,,,,,(048)251-2289,,(048)258-6715,,,,,,川口市,1964/5/1,60,1歳から5歳,月火水木金土,7:00,19:00,土曜日の開所時間は07：00から18：00休所日は日曜日及び祝日、12/29から1/3まで,無,,,,,,,,,,,,,,,令和３年度より休所
112038,k130000005,埼玉県川口市,川口市立南青木保育所,カワグチシリツミナミアオキホイクショ,,認可公立保育所,112038,,埼玉県川口市青木1-4-4,埼玉県,川口市青木1-4-4,,,,35.80688186,139.724957,,,,,(048)251-7248,,(048)258-6716,,,,,,川口市,1959/4/1,150,0歳から5歳,月火水木金土,7:00,20:00,土曜日の開所時間は07：00から18：00休所日は日曜日及び祝日、12/29から1/3まで,有,,,,,,,,,,,,,,,
112038,k130000006,埼玉県川口市,川口市立青木北保育所,カワグチシリツアオキキタホイクショ,,認可公立保育所,112038,,埼玉県川口市西青木1-8-28,埼玉県,川口市西青木1-8-28,,,,35.81460181,139.7153434,,,,,(048)251-2035,,(048)258-6719,,,,,,川口市,1962/4/1,60,1歳から5歳,月火水木金土,7:00,19:00,土曜日の開所時間は07：00から18：00休所日は日曜日及び祝日、12/29から1/3まで,無,,,,,,,,,,,,,,,
112038,k130000007,埼玉県川口市,川口市立上青木西保育所,カワグチシリツカミアオキニシホイクショ,,認可公立保育所,112038,,埼玉県川口市上青木西2-14-14,埼玉県,川口市上青木西2-14-14,,,,35.82557269,139.7169405,,,,,(048)253-1700,,(048)253-1701,,,,,,川口市,1972/4/1,113,1歳から5歳,月火水木金土,7:00,19:00,土曜日の開所時間は07：00から18：00休所日は日曜日及び祝日、12/29から1/3まで,有,,,,,,,,,,,,,,,
112038,k130000008,埼玉県川口市,川口市立前川保育所,カワグチシリツマエカワホイクショ,,認可公立保育所,112038,,埼玉県川口市前川4-12-12,埼玉県,川口市前川4-12-12,,,,35.83843044,139.7073811,,,,,(048)265-6417,,(048)269-9453,,,,,,川口市,1954/4/1,120,1歳から5歳,月火水木金土,7:00,19:00,土曜日の開所時間は07：00から18：00休所日は日曜日及び祝日、12/29から1/3まで,無,,,,,,,,,,,,,,,
112038,k130000009,埼玉県川口市,川口市立前川南保育所,カワグチシリツマエカワミナミホイクショ,,認可公立保育所,112038,,埼玉県川口市南前川2-15-2,埼玉県,川口市南前川2-15-2,,,,35.83165716,139.7096711,,,,,(048)266-5537,,(048)269-9454,,,,,,川口市,1972/4/1,120,1歳から5歳,月火水木金土,7:00,19:00,土曜日の開所時間は07：00から18：00休所日は日曜日及び祝日、12/29から1/3まで,無,,,,,,,,,,,,,,,
112038,k130000010,埼玉県川口市,川口市立あさひ保育所,カワグチシリツアサヒホイクショ,,認可公立保育所,112038,,埼玉県川口市朝日1-13-3,埼玉県,川口市朝日1-13-3,,,,35.80821333,139.7350584,,,,,(048)222-6854,,(048)225-8562,,,,,,川口市,1956/4/1,90,1歳から5歳,月火水木金土,7:00,19:00,土曜日の開所時間は07：00から18：00休所日は日曜日及び祝日、12/29から1/3まで,無,,,,,,,,,,,,,,,
112038,k130000011,埼玉県川口市,川口市立朝日北保育所,カワグチシリツアサヒキタホイクショ,,認可公立保育所,112038,,埼玉県川口市朝日2-16-5,埼玉県,川口市朝日2-16-5,,,,35.81184823,139.733248,,,,,(048)223-2005,,(048)225-8563,,,,,,川口市,1967/11/1,120,1歳から5歳,月火水木金土,7:00,19:00,土曜日の開所時間は07：00から18：00休所日は日曜日及び祝日、12/29から1/3まで,無,,,,,,,,,,,,,,,
112038,k130000012,埼玉県川口市,川口市立朝日西保育所,カワグチシリツアサヒニシホイクショ,,認可公立保育所,112038,,埼玉県川口市朝日4-17-9,埼玉県,川口市朝日4-17-9,,,,35.81051353,139.7418987,,,,,(048)223-4766,,(048)225-8565,,,,,,川口市,1976/4/1,130,0歳から5歳,月火水木金土,7:00,19:00,土曜日の開所時間は07：00から18：00休所日は日曜日及び祝日、12/29から1/3まで,無,,,,,,,,,,,,,,,
112038,k130000013,埼玉県川口市,川口市立領家保育所,カワグチシリツリョウケホイクショ,,認可公立保育所,112038,,埼玉県川口市東領家3-1-8,埼玉県,川口市東領家3-1-8,,,,35.79291261,139.7496764,,,,,(048)223-4781,,(048)225-8222,,,,,,社会福祉法人　ひふみ会,1969/5/1,85,0歳から5歳,月火水木金土,7:00,19:00,土曜日の開所時間は07：00から18：00休所日は日曜日及び祝日、12/29から1/3まで,無,,,,,,,,,,,,,,,
112038,k130000014,埼玉県川口市,川口市立新郷峯保育所,カワグチシリツシンゴウミネホイクショ,,認可公立保育所,112038,,埼玉県川口市峯1322,埼玉県,川口市峯1322,,,,35.83190125,139.7710743,,,,,(048)296-7023,,(048)297-0591,,,,,,川口市,1978/4/1,120,1歳から5歳,月火水木金土,7:00,19:00,土曜日の開所時間は07：00から18：00休所日は日曜日及び祝日、12/29から1/3まで,無,,,,,,,,,,,,,,,
112038,k130000015,埼玉県川口市,川口市立根岸北保育所,カワグチシリツネギシキタホイクショ,,認可公立保育所,112038,,埼玉県川口市安行領根岸886-1,埼玉県,川口市安行領根岸886-1,,,,35.85131192,139.7101087,,,,,(048)284-6988,,(048)281-9972,,,,,,川口市,1979/4/1,120,1歳から5歳,月火水木金土,7:00,19:00,土曜日の開所時間は07：00から18：00休所日は日曜日及び祝日、12/29から1/3まで,無,,,,,,,,,,,,,,,
112038,k130000016,埼玉県川口市,川口市立芝南保育所,カワグチシリツシバミナミホイクショ,,認可公立保育所,112038,,埼玉県川口市芝中田2-3-1,埼玉県,川口市芝中田2-3-1,,,,35.83042075,139.7017769,,,,,(048)266-6244,,(048)269-9455,,,,,,学校法人　本多学園,1966/4/1,123,0歳から5歳,月火水木金土,7:00,19:00,土曜日の開所時間は07：00から18：00休所日は日曜日及び祝日、12/29から1/3まで,有,,,,,,,,,,,,,,,
112038,k130000017,埼玉県川口市,川口市立芝保育所,カワグチシリツシバホイクショ,,認可公立保育所,112038,,埼玉県川口市芝樋ノ爪1-12-8,埼玉県,川口市芝樋ノ爪1-12-8,,,,35.833357,139.6891704,,,,,(048)265-6415,,(048)269-9457,,,,,,川口市,1960/4/1,60,1歳から5歳,月火水木金土,7:00,19:00,土曜日の開所時間は07：00から18：00休所日は日曜日及び祝日、12/29から1/3まで,無,,,,,,,,,,,,,,,
112038,k130000018,埼玉県川口市,川口市立芝園保育所,カワグチシリツシバゾノホイクショ,,認可公立保育所,112038,,埼玉県川口市芝園町3-7,埼玉県,川口市芝園町3-7,,,,35.83278563,139.6822265,,,,,(048)268-4315,,(048)269-9459,,,,,,川口市,1981/4/1,90,1歳から5歳,月火水木金土,7:00,19:00,土曜日の開所時間は07：00から18：00休所日は日曜日及び祝日、12/29から1/3まで,無,,,,,,,,,,,,,,,
112038,k130000019,埼玉県川口市,川口市立芝中央保育所,カワグチシリツシバチュウオウホイクショ,,認可公立保育所,112038,,埼玉県川口市芝3905,埼玉県,川口市芝3905,,,,35.83685797,139.6935596,,,,,(048)266-3110,,(048)269-9460,,,,,,川口市,1971/4/1,120,0歳から5歳,月火水木金土,7:00,19:00,土曜日の開所時間は07：00から18：00休所日は日曜日及び祝日、12/29から1/3まで,無,,,,,,,,,,,,,,,
112038,k130000020,埼玉県川口市,川口市立芝西保育所,カワグチシリツシバニシホイクショ,,認可公立保育所,112038,,埼玉県川口市小谷場237,埼玉県,川口市小谷場237,,,,35.8432415,139.6840115,,,,,(048)265-6418,,(048)269-9462,,,,,,川口市,1969/5/1,120,1歳から5歳,月火水木金土,7:00,19:00,土曜日の開所時間は07：00から18：00休所日は日曜日及び祝日、12/29から1/3まで,無,,,,,,,,,,,,,,,
112038,k130000021,埼玉県川口市,川口市立芝北保育所,カワグチシリツシバキタホイクショ,,認可公立保育所,112038,,埼玉県川口市北園町11-1,埼玉県,川口市北園町11-1,,,,35.85541093,139.7035944,,,,,(048)266-2610,,(048)269-9463,,,,,,川口市,1970/4/1,120,1歳から5歳,月火水木金土,7:00,19:00,土曜日の開所時間は07：00から18：00休所日は日曜日及び祝日、12/29から1/3まで,無,,,,,,,,,,,,,,,
112038,k130000022,埼玉県川口市,川口市立安行保育所,カワグチシリツアンギョウホイクショ,,認可公立保育所,112038,,埼玉県川口市安行慈林130,埼玉県,川口市安行慈林130,,,,35.83635483,139.7503503,,,,,(048)285-2155,,(048)281-9974,,,,,,川口市,1975/4/1,120,1歳から5歳,月火水木金土,7:00,19:00,土曜日の開所時間は07：00から18：00休所日は日曜日及び祝日、12/29から1/3まで,無,,,,,,,,,,,,,,,
112038,k130000023,埼玉県川口市,川口市立戸塚保育所,カワグチシリツトヅカホイクショ,,認可公立保育所,112038,,埼玉県川口市戸塚東3-34-5,埼玉県,川口市戸塚東3-34-5,,,,35.87024417,139.7568101,,,,,(048)296-6656,,(048)297-0592,,,,,,川口市,1983/4/1,120,1歳から5歳,月火水木金土,7:00,19:00,土曜日の開所時間は07：00から18：00休所日は日曜日及び祝日、12/29から1/3まで,無,,,,,,,,,,,,,,,
112038,k130000024,埼玉県川口市,川口市立戸塚西保育所,カワグチシリツトヅカニシホイクショ,,認可公立保育所,112038,,埼玉県川口市北原台3-18-10,埼玉県,川口市北原台3-18-10,,,,35.86924719,139.7307409,,,,,(048)298-4950,,(048)298-2396,,,,,,川口市,1996/10/1,150,0歳から5歳,月火水木金土,7:00,20:00,土曜日の開所時間は07：00から18：00休所日は日曜日及び祝日、12/29から1/3まで,有,,,,,,,,,,,,,,,
112038,k130000025,埼玉県川口市,川口市立桜保育所,カワグチシリツサクラホイクショ,,認可公立保育所,112038,,埼玉県川口市桜町6-11-10,埼玉県,川口市桜町6-11-10,,,,35.83847687,139.7428889,,,,,(048)281-3942,,(048)281-5201,,,,,,川口市,1962/4/1,73,0歳から5歳,月火水木金土,7:00,20:00,土曜日の開所時間は07：00から18：00休所日は日曜日及び祝日、12/29から1/3まで,無,,,,,,,,,,,,,,,
112038,k130000026,埼玉県川口市,川口市立里保育所,カワグチシリツサトホイクショ,,認可公立保育所,112038,,埼玉県川口市里493-1,埼玉県,川口市里493-1,,,,35.83578707,139.7309977,,,,,(048)281-0026,,(048)286-5560,,,,,,川口市,1965/4/1,100,0歳から5歳,月火水木金土,7:00,20:00,土曜日の開所時間は07：00から18：00休所日は日曜日及び祝日、12/29から1/3まで,有,,,,,,,,,,,,,,,
112038,k130000027,埼玉県川口市,川口市立南鳩ヶ谷保育所,カワグチシリツミナミハトガヤホイクショ,,認可公立保育所,112038,,埼玉県川口市南鳩ヶ谷6-6-18,埼玉県,川口市南鳩ヶ谷6-6-18,,,,35.81850468,139.7350923,,,,,(048)283-4001,,(048)283-4008,,,,,,川口市,1972/4/1,120,0歳から5歳,月火水木金土,7:00,20:00,土曜日の開所時間は07：00から18：00休所日は日曜日及び祝日、12/29から1/3まで,有,,,,,,,,,,,,,,,
112038,k130000028,埼玉県川口市,川口市立三ツ和保育所,カワグチシリツミツワホイクショ,,認可公立保育所,112038,,埼玉県川口市南鳩ヶ谷1-4-17,埼玉県,川口市南鳩ヶ谷1-4-17,,,,35.82312917,139.7385362,,,,,(048)281-3018,,(048)281-5327,,,,,,川口市,1977/11/1,73,0歳から5歳,月火水木金土,7:00,20:00,土曜日の開所時間は07：00から18：00休所日は日曜日及び祝日、12/29から1/3まで,無,,,,,,,,,,,,,,,
112038,k130000029,埼玉県川口市,川口市立戸塚しらぎく保育園,カワグチシリツトヅカシラギクホイクエン,,認可公立保育所,112038,,埼玉県川口市西立野25-1,埼玉県,川口市西立野25-1,,,,35.85499532,139.7517052,,,,,(048)298-8107,,(048)298-8117,,,,,,学校法人　嶋根学園,2001/10/1,90,0歳から5歳,月火水木金土,7:00,19:00,土曜日の開所時間は07：00から18：00休所日は日曜日及び祝日、12/29から1/3まで,無,,,,,,,,,,,,,,,
112038,k130000030,埼玉県川口市,川口市立戸塚のぞみ保育園,カワグチシリツトヅカノゾミホイクエン,,認可公立保育所,112038,,埼玉県川口市東川口4-22-12,埼玉県,川口市東川口4-22-12,,,,35.88224968,139.741578,,,,,(048)299-0712,,(048)299-0712,,,,,,学校法人　南陵学園,2002/4/1,80,0歳から5歳,月火水木金土,7:00,19:00,土曜日の開所時間は07：00から18：00休所日は日曜日及び祝日、12/29から1/3まで,無,,,,,,,,,,,,,,,
112038,k130000031,埼玉県川口市,川口市立並木南保育所,カワグチシリツナミキミナミホイクショ,,認可公立保育所,112038,,埼玉県川口市並木1-8-25,埼玉県,川口市並木1-8-25,,,,35.8111712,139.7114396,,,,,(048)252-1166,,(048)258-6714,,,,,,学校法人　文化学園,1971/4/1,120,1歳から5歳,月火水木金土,7:00,19:00,土曜日の開所時間は07：00から18：00休所日は日曜日及び祝日、12/29から1/3まで,無,,,,,,,,,,,,,,,
112038,k130000032,埼玉県川口市,川口市立神根保育所,カワグチシリツカミネホイクショ,,認可公立保育所,112038,,埼玉県川口市西新井宿557-4,埼玉県,川口市西新井宿557-4,,,,35.84818772,139.7265673,,,,,(048)282-0388,,(048)281-9973,,,,,,学校法人　いずみ学園,1989/4/1,120,1歳から5歳,月火水木金土,7:00,19:00,土曜日の開所時間は07：00から18：00休所日は日曜日及び祝日、12/29から1/3まで,無,,,,,,,,,,,,,,,
112038,k130000033,埼玉県川口市,川口市立新郷保育所,カワグチシリツシンゴウホイクショ,,認可公立保育所,112038,,埼玉県川口市東本郷1000,埼玉県,川口市東本郷1000,,,,35.82426546,139.7641601,,,,,(048)282-0389,,(048)281-9971,,,,,,学校法人　小沢学園,1968/4/1,120,0歳から5歳,月火水木金土,7:00,19:00,土曜日の開所時間は07：00から18：00休所日は日曜日及び祝日、12/29から1/3まで,無,,,,,,,,,,,,,,,
112038,k130000034,埼玉県川口市,川口市立青木保育所,カワグチシリツアオキホイクショ,,認可公立保育所,112038,,埼玉県川口市西青木3-5-4,埼玉県,川口市西青木3-5-4,,,,35.81840832,139.7105509,,,,,(048)253-2369,,(048)258-6720,,,,,,株式会社　日本保育サービス,1972/6/1,80,1歳から5歳,月火水木金土,7:00,19:00,土曜日の開所時間は07：00から18：00休所日は日曜日及び祝日、12/29から1/3まで,無,,,,,,,,,,,,,,,
112038,k130000035,埼玉県川口市,川口市立芝高木保育所,カワグチシリツシバタカギホイクショ,,認可公立保育所,112038,,埼玉県川口市芝宮根町20-31,埼玉県,川口市芝宮根町20-31,,,,35.84144755,139.6968413,,,,,(048)269-3087,,(048)269-9461,,,,,,学校法人　大徳寺学園,1980/4/1,90,1歳から5歳,月火水木金土,7:00,19:00,土曜日の開所時間は07：00から18：00休所日は日曜日及び祝日、12/29から1/3まで,無,,,,,,,,,,,,,,,
112038,k130000036,埼玉県川口市,川口市立川口駅前保育園,カワグチシリツカワグチエキマエホイクエン,,認可公立保育所,112038,,埼玉県川口市川口1-1-1,埼玉県,川口市川口1-1-1,,,キュポ・ラ8F,35.80087562,139.718542,,,,,(048)222-6011,,(048)222-6011,,,,,,株式会社　日本保育サービス,2006/4/1,120,0歳から5歳,月火水木金土,7:00,20:00,土曜日の開所時間は07：00から18：00休所日は日曜日及び祝日、12/29から1/3まで,有,,,,,,,,,,,,,,,
112038,k130000037,埼玉県川口市,川口市立川口西保育園,カワグチシリツカワグチニシホイクエン,,認可公立保育所,112038,,埼玉県川口市川口5-12-9,埼玉県,川口市川口5-12-9,,,,35.80515572,139.7085888,,,,,(048)251-3536,,(048)251-6373,,,,,,学校法人　文化学園,2007/4/1,200,0歳から5歳,月火水木金土,7:00,20:00,土曜日の開所時間は07：00から18：00休所日は日曜日及び祝日、12/29から1/3まで,無,,,,,,,,,,,,,,,
112038,k130000038,埼玉県川口市,川口市立本町保育所,カワグチシリツホンチョウホイクショ,,認可公立保育所,112038,,埼玉県川口市本町2-3-7,埼玉県,川口市本町2-3-7,,,,35.79858509,139.7256995,,,,,(048)222-4082,,(048)225-8560,,,,,,社会福祉法人　ひふみ会,1964/10/1,90,0歳から5歳,月火水木金土,7:00,20:00,土曜日の開所時間は07：00から18：00休所日は日曜日及び祝日、12/29から1/3まで,無,,,,,,,,,,,,,,,
112038,k130000039,埼玉県川口市,川口市立上青木保育所,カワグチシリツカミアオキホイクショ,,認可公立保育所,112038,,埼玉県川口市上青木5-5-55,埼玉県,川口市上青木5-5-55,,,,35.83130153,139.7250815,,,,,(048)265-6416,,(048)269-9451,,,,,,株式会社　WITH,1956/4/1,90,0歳から5歳,月火水木金土,7:00,20:00,土曜日の開所時間は07：00から18：00休所日は日曜日及び祝日、12/29から1/3まで,有,,,,,,,,,,,,,,,
112038,k130000040,埼玉県川口市,川口市立並木東保育園,カワグチシリツナミキヒガシホイクエン,,認可公立保育所,112038,,埼玉県川口市並木1-24-62,埼玉県,川口市並木1-24-62,,,,35.81211437,139.7132081,,,,,(048)258-8071,,(048)258-8073,,,,,,学校法人　嶋根学園,2017/4/1,90,0歳から5歳,月火水木金土,7:00,19:00,土曜日の開所時間は07：00から18：00休所日は日曜日及び祝日、12/29から1/3まで,無,,,,,,,,,,,,,,,
112038,k130000041,埼玉県川口市,川口市立南平保育園,カワグチシリツナンペイホイクエン,,認可公立保育所,112038,,埼玉県川口市元郷1-31-7,埼玉県,川口市元郷1-31-7,,,,35.80050436,139.7342143,,,,,(048)222-7231,,(048)225-8566,,,,,,学校法人　若芝学園,2018/3/31,130,1歳から5歳,月火水木金土,7:00,19:00,土曜日の開所時間は07：00から18：00休所日は日曜日及び祝日、12/29から1/3まで,無,,,,,,,,,,,,,,,
112038,k130000042,埼玉県川口市,安行東光保育園,アンギョウトウコウホイクエン,,認可私立保育所,112038,,埼玉県川口市安行原1361,埼玉県,川口市安行原1361,,,,35.83918511,139.7721899,,,,,(048)296-7024,,(048)296-7024,,,,,,社会福祉法人　慈光会,1978/4/1,90,1歳から5歳,月火水木金土,7:00,19:00,土曜日の開所時間は07：00から18：00休所日は日曜日及び祝日、12/29から1/3まで,無,,,,,,,,,,,,,,,
112038,k130000043,埼玉県川口市,アケボノ保育園,アケボノホイクエン,,認可私立保育所,112038,,埼玉県川口市元郷5-23-1,埼玉県,川口市元郷5-23-1,,,,35.79822847,139.7386647,,,,,(048)223-2727,,(048)223-2727,,,,,,社会福祉法人　曙光会,1979/4/1,60,1歳から5歳,月火水木金土,7:00,19:00,土曜日の開所時間は07：00から15：30休所日は日曜日及び祝日、12/29から1/3まで,無,,,,,,,,,,,,,,,
112038,k130000044,埼玉県川口市,しいのみ保育園,シイノミホイクエン,,認可私立保育所,112038,,埼玉県川口市前川2-39-7,埼玉県,川口市前川2-39-7,,,,35.83742938,139.7182035,,,,,(048)267-1403,,(048)267-1463,,,,,,社会福祉法人　誠育福祉会,1981/4/1,60,0歳から5歳,月火水木金土,7:00,19:00,土曜日の開所時間は07：00から18：00休所日は日曜日及び祝日、12/29から1/3まで,無,,,,,,,,,,,,,,,
112038,k130000045,埼玉県川口市,レオ保育園川口,レオホイクエンカワグチ,,認可私立保育所,112038,,埼玉県川口市元郷2-15-44,埼玉県,川口市元郷2-15-44,,,,35.79754326,139.7324215,,,,,(048)226-3460,,(048)226-3461,,,,,,社会福祉法人　のぞみ会,1998/4/1,90,0歳から5歳,月火水木金土,7:00,19:00,土曜日の開所時間は07：00から18：00休所日は日曜日及び祝日、12/29から1/3まで,無,,,,,,,,,,,,,,,
112038,k130000046,埼玉県川口市,カルチャー保育園,カルチャーホイクエン,,認可私立保育所,112038,,埼玉県川口市栄町2-7-5,埼玉県,川口市栄町2-7-5,,,,35.80287802,139.7225925,,,,,(048)256-1071,,(048)256-4867,,,,,,社会福祉法人　ひふみ会,2004/4/1,60,0歳から2歳,月火水木金土,7:00,19:00,土曜日の開所時間は07：00から16：00休所日は日曜日及び祝日、12/29から1/3まで,無,,,,,,,,,,,,,,,
112038,k130000047,埼玉県川口市,赤芝保育園,アカシバホイクエン,,認可私立保育所,112038,,埼玉県川口市赤山193-2,埼玉県,川口市赤山193-2,,,,35.85056012,139.751499,,,,,(048)291-0561,,(048)291-0562,,,,,,社会福祉法人　赤芝心育会,2004/4/1,80,0歳から5歳,月火水木金土,7:00,19:00,土曜日の開所時間は07：00から18：00休所日は日曜日及び祝日、12/29から1/3まで,無,,,,,,,,,,,,,,,
112038,k130000048,埼玉県川口市,川口こども園,カワグチコドモエン,,認可私立保育所,112038,,埼玉県川口市安行領根岸1291,埼玉県,川口市安行領根岸1291,,,,35.84622366,139.714697,,,,,(048)286-0069,,(048)286-0069,,,,,,株式会社　こどもの森,2004/12/28,90,0歳から5歳,月火水木金土,7:00,19:00,土曜日の開所時間は07：00から18：00休所日は日曜日及び祝日、12/29から1/3まで,無,,,,,,,,,,,,,,,
112038,k130000049,埼玉県川口市,コンビプラザ川口東保育園,コンビプラザカワグチヒガシホイクエン,,認可私立保育所,112038,,埼玉県川口市本町4-5-26,埼玉県,川口市本町4-5-26,,,キャメリアプラザ2Ｆ,35.80089687,139.721169,,,,,(048)227-1108,,(048)224-5787,,,,,,コンビウィズ　株式会社,2004/9/1,60,0歳から5歳,月火水木金土,7:00,20:00,土曜日の開所時間は07：00から18：00休所日は日曜日及び祝日、12/29から1/3まで,無,,,,,,,,,,,,,,,
112038,k130000050,埼玉県川口市,アスク東川口保育園,アスクヒガシカワグチホイクエン,,認可私立保育所,112038,,埼玉県川口市戸塚4-21-1,埼玉県,川口市戸塚4-21-1,,,,35.86758763,139.7425371,,,,,(048)298-0083,,(048)242-3700,,,,,,株式会社　日本保育サービス,2005/4/1,90,0歳から5歳,月火水木金土,7:00,20:00,土曜日の開所時間は07：00から18：00休所日は日曜日及び祝日、12/29から1/3まで,無,,,,,,,,,,,,,,,
112038,k130000051,埼玉県川口市,鳩笛保育園,ハトブエホイクエン,,認可私立保育所,112038,,埼玉県川口市東本郷1185,埼玉県,川口市東本郷1185,,,,35.82709646,139.7625848,,,,,(048)284-1577,,(048)284-1577,,,,,,学校法人　木浦学園,2005/4/1,20,1歳から2歳,月火水木金土,7:00,19:00,土曜日の開所時間は07：00から18：00休所日は日曜日及び祝日、12/29から1/3まで,無,,,,,,,,,,,,,,,
112038,k130000052,埼玉県川口市,ワールド保育園,ワールドホイクエン,,認可私立保育所,112038,,埼玉県川口市元郷1-9-6,埼玉県,川口市元郷1-9-6,,,,35.79917637,139.730846,,,,,(048)223-1960,,(048)225-4446,,,,,,社会福祉法人　ひふみ会,2005/4/1,45,0歳から2歳,月火水木金土,7:00,19:00,土曜日の開所時間は07：00から16：00休所日は日曜日及び祝日、12/29から1/3まで,無,,,,,,,,,,,,,,,
112038,k130000053,埼玉県川口市,あいう園,アイウエン,,認可私立保育所,112038,,埼玉県川口市幸町3-10-16,埼玉県,川口市幸町3-10-16,,,3Ｆ,35.80748737,139.717707,,,,,(048)240-2777,,(048)240-2786,,,,,,社会福祉法人　理趣会,2014/4/1,45,0歳から5歳,月火水木金土,7:00,19:00,土曜日の開所時間は07：00から18：00休所日は日曜日及び祝日、12/29から1/3まで,有,,,,,,,,,,,,,,,
112038,k130000054,埼玉県川口市,フォーマザー保育園,フォーマザーホイクエン,,認可私立保育所,112038,,埼玉県川口市東川口3-2-29,埼玉県,川口市東川口3-2-29,,,,35.87757975,139.7447687,,,,,(048)291-2713,,(048)291-2714,,,,,,株式会社　フォーマザー,2006/4/1,59,2歳から3歳,月火水木金土,7:00,20:00,土曜日の開所時間は07：00から18：00休所日は日曜日及び祝日、12/29から1/3まで,無,,,,,,,,,,,,,,,
112038,k130000055,埼玉県川口市,フォーマザー保育園　第1分園,フォーマザーホイクエン　ダイイチブンエン,,認可私立保育所,112038,,埼玉県川口市東川口2-13-26,埼玉県,川口市東川口2-13-26,,,,35.87807058,139.7482736,,,,,(048)291-2713,,(048)291-2714,,,,,,株式会社　フォーマザー,2008/4/1,25,0歳から1歳,月火水木金土,7:00,20:00,土曜日の開所時間は07：00から18：00休所日は日曜日及び祝日、12/29から1/3まで,無,,,,,,,,,,,,,,,
112038,k130000056,埼玉県川口市,フォーマザー保育園　第2分園,フォーマザーホイクエン　ダイニブンエン,,認可私立保育所,112038,,埼玉県川口市東川口1-3-10,埼玉県,川口市東川口1-3-10,,,1Ｆ,35.87731254,139.7426353,,,,,(048)291-2713,,(048)291-2714,,,,,,株式会社　フォーマザー,2016/4/1,86,4歳から5歳,月火水木金土,7:00,20:00,土曜日の開所時間は07：00から18：00休所日は日曜日及び祝日、12/29から1/3まで,無,,,,,,,,,,,,,,,
112038,k130000057,埼玉県川口市,川口リボンシティ保育園,カワグチリボンシティホイクエン,,認可私立保育所,112038,,埼玉県川口市並木元町1-65,埼玉県,川口市並木元町1-65,,,,35.80784343,139.715103,,,,,(048)255-3780,,(048)255-3780,,,,,,株式会社　プチ・ナーサリー,2007/4/1,60,0歳から5歳,月火水木金土,7:00,20:00,土曜日の開所時間は07：00から18：00休所日は日曜日及び祝日、12/29から1/3まで,無,,,,,,,,,,,,,,,
112038,k130000058,埼玉県川口市,うぃず川口西口保育園,ウィズカワグチニシグチホイクエン,,認可私立保育所,112038,,埼玉県川口市飯塚1-2-16,埼玉県,川口市飯塚1-2-16,,,川口ホームズ2F,35.79999565,139.7145085,,,,,(048)299-5086,,(048)256-3232,,,,,,株式会社　ＷＩＴＨ,2007/4/1,60,0歳から5歳,月火水木金土,7:00,20:00,土曜日の開所時間は07：00から18：00休所日は日曜日及び祝日、12/29から1/3まで,無,,,,,,,,,,,,,,,
112038,k130000059,埼玉県川口市,汽車ぽっぽ保育園,キシャポッポホイクエン,,認可私立保育所,112038,,埼玉県川口市東川口6-8-19,埼玉県,川口市東川口6-8-19,,,,35.87708291,139.7536223,,,,,(048)295-7599,,(048)290-4175,,,,,,社会福祉法人　けやき福祉会,2011/4/1,45,0歳から5歳,月火水木金土,7:00,19:00,土曜日の開所時間は07：00から18：00休所日は日曜日及び祝日、12/29から1/3まで,無,,,,,,,,,,,,,,,
112038,k130000060,埼玉県川口市, うぃず戸塚安行駅前保育園,ウィズトツカアンギョウエキマエホイクエン,,認可私立保育所,112038,,埼玉県川口市戸塚6-22-2,埼玉県,川口市戸塚6-22-2,,,,35.86113324,139.7545148,,,,,(048)452-4801,,(048)452-4802,,,,,,株式会社　ＷＩＴＨ,2009/9/1,45,0歳から5歳,月火水木金土,7:00,19:00,土曜日の開所時間は07：00から18：00休所日は日曜日及び祝日、12/29から1/3まで,無,,,,,,,,,,,,,,,
112038,k130000061,埼玉県川口市,赤芝第二保育園,アカシバダイニホイクエン,,認可私立保育所,112038,,埼玉県川口市戸塚東1-2-27,埼玉県,川口市戸塚東1-2-27,,,,35.87455679,139.7486577,,,,,(048)297-6771,,(048)297-6772,,,,,,社会福祉法人　赤芝心育会,2010/4/1,60,0歳から5歳,月火水木金土,7:00,19:00,土曜日の開所時間は07：30から18：00休所日は日曜日及び祝日、12/29から1/3まで,無,,,,,,,,,,,,,,,
112038,k130000062,埼玉県川口市,おさなご園,オサナゴエン,,認可私立保育所,112038,,埼玉県川口市朝日5-7-15,埼玉県,川口市朝日5-7-15,,,,35.80631042,139.7456785,,,,,(048)223-5846,,(048)224-5843,,,,,,社会福祉法人　シオンの会,2012/4/1,90,0歳から5歳,月火水木金土,7:00,19:00,土曜日の開所時間は07：00から18：00休所日は日曜日及び祝日、12/29から1/3まで,無,,,,,,,,,,,,,,,
112038,k130000063,埼玉県川口市,東川口鳩笛保育園,ヒガシカワグチハトブエホイクエン,,認可私立保育所,112038,,埼玉県川口市戸塚1-7-11,埼玉県,川口市戸塚1-7-11,,,,35.87114846,139.743418,,,,,(048)280-6668,,(048)280-6666,,,,,,社会福祉法人　精寿会,2012/4/1,60,0歳から5歳,月火水木金土,7:00,19:00,土曜日の開所時間は07：00から18：00休所日は日曜日及び祝日、12/29から1/3まで,無,,,,,,,,,,,,,,,
112038,k130000064,埼玉県川口市,はとがや保育園,ハトガヤホイクエン,,認可私立保育所,112038,,埼玉県川口市鳩ヶ谷本町1-6-10,埼玉県,川口市鳩ヶ谷本町1-6-10,,,,35.83238277,139.7383348,,,,,(048)284-1438,,(048)284-1449,,,,,,社会福祉法人　こぶし会,1982/4/1,72,0歳から5歳,月火水木金土,7:00,19:00,土曜日の開所時間は07：00から17：00休所日は日曜日及び祝日、12/29から1/3まで,無,,,,,,,,,,,,,,,
112038,k130000065,埼玉県川口市,いちご保育園,イチゴホイクエン,,認可私立保育所,112038,,埼玉県川口市大字里1608-1,埼玉県,川口市大字里1608-1,,,,35.83054977,139.7339844,,,,,(048)284-8122,,(048)284-8122,,,,,,有限会社　いちご保育園,2005/4/1,39,0歳から5歳,月火水木金土,7:00,19:00,土曜日の開所時間は07：00から18：00休所日は日曜日及び祝日、12/29から1/3まで,無,,,,,,,,,,,,,,,
112038,k130000066,埼玉県川口市,どんぐり保育園,ドングリホイクエン,,認可私立保育所,112038,,埼玉県川口市三ツ和1-21-21,埼玉県,川口市三ツ和1-21-21,,,,35.8248682,139.7409175,,,,,(048)285-5512,,(048)285-5512,,,,,,社会福祉法人　三ツ和会,2006/4/1,60,0歳から5歳,月火水木金土,7:00,19:00,土曜日の開所時間は07：00から18：00休所日は日曜日及び祝日、12/29から1/3まで,無,,,,,,,,,,,,,,,
112038,k130000067,埼玉県川口市,鳩ヶ谷めぐみ保育園,ハトガヤメグミホイクエン,,認可私立保育所,112038,,埼玉県川口市大字里1368,埼玉県,川口市大字里1368,,,,35.83045371,139.7290817,,,,,(048)288-5361,,(048)288-5362,,,,,,株式会社　鳩ヶ谷めぐみ保育園,2008/4/1,60,0歳から5歳,月火水木金土,7:00,19:00,土曜日の開所時間は07：00から16：00休所日は日曜日及び祝日、12/29から1/3まで,無,,,,,,,,,,,,,,,
112038,k130000068,埼玉県川口市,マリヤ保育園,マリヤホイクエン,,認可私立保育所,112038,,埼玉県川口市坂下町4-2-9,埼玉県,川口市坂下町4-2-9,,,,35.82937034,139.7386754,,,,,(048)281-3616,,(048)452-8899,,,,,,学校法人　松陰学園,2008/4/1,30,0歳から2歳,月火水木金土,7:00,19:00,土曜日の開所時間は07：00から16：00休所日は日曜日及び祝日、12/29から1/3まで,無,,,,,,,,,,,,,,,
112038,k130000069,埼玉県川口市,いちごみなみ保育園,イチゴミナミホイクエン,,認可私立保育所,112038,,埼玉県川口市南鳩ヶ谷5-1-8,埼玉県,川口市南鳩ヶ谷5-1-8,,,,35.81653279,139.736037,,,,,(048)288-1533,,(048)288-1530,,,,,,有限会社　いちご保育園,2009/4/1,60,0歳から5歳,月火水木金土,7:00,19:00,土曜日の開所時間は07：00から18：00休所日は日曜日及び祝日、12/29から1/3まで,無,,,,,,,,,,,,,,,
112038,k130000070,埼玉県川口市,バンビ保育園,バンビホイクエン,,認可私立保育所,112038,,埼玉県川口市鳩ヶ谷緑町2-17-5,埼玉県,川口市鳩ヶ谷緑町2-17-5,,,,35.81771257,139.7263975,,,,,(048)452-4308,,(048)452-4328,,,,,,株式会社　バンビ保育園,2009/4/1,60,0歳から5歳,月火水木金土,7:00,19:00,土曜日の開所時間は07：00から18：00休所日は日曜日及び祝日、12/29から1/3まで,無,,,,,,,,,,,,,,,
112038,k130000071,埼玉県川口市,うぃず川口本町保育園,ウィズカワグチホンチョウホイクエン,,認可私立保育所,112038,,埼玉県川口市本町4-11-6,埼玉県,川口市本町4-11-6,,,,35.79917112,139.7212549,,,,,(048)299-6601,,(048)299-6608,,,,,,社会福祉法人　彩保育会,2013/4/1,90,0歳から5歳,月火水木金土,7:00,20:00,土曜日の開所時間は07：00から18：00休所日は日曜日及び祝日、12/29から1/3まで,有,,,,,,,,,,,,,,,
112038,k130000072,埼玉県川口市,うぃず川口東口保育園,ウィズカワグチヒガシグチホイクエン,,認可私立保育所,112038,,埼玉県川口市栄町3-11-17,埼玉県,川口市栄町3-11-17,,,クレール川口プラザ1F,35.80468457,139.7197063,,,,,(048)446-7384,,(048)446-7385,,,,,,株式会社　ＷＩＴＨ,2013/4/1,60,0歳から5歳,月火水木金土,7:00,20:00,土曜日の開所時間は07：00から18：00休所日は日曜日及び祝日、12/29から1/3まで,無,,,,,,,,,,,,,,,
112038,k130000073,埼玉県川口市,フォーマザー西立野保育園,フォーマザーニシタテノホイクエン,,認可私立保育所,112038,,埼玉県川口市西立野654-17,埼玉県,川口市西立野654-17,,,,35.85925648,139.7475762,,,,,(048)299-2651,,(048)299-2652,,,,,,株式会社　フォーマザー,2014/4/1,90,0歳から5歳,月火水木金土,7:00,19:00,土曜日の開所時間は07：00から18：00休所日は日曜日及び祝日、12/29から1/3まで,無,,,,,,,,,,,,,,,
112038,k130000074,埼玉県川口市,まなびの森保育園川口,マナビノモリホイクエンカワグチ,,認可私立保育所,112038,,埼玉県川口市金山町12-1,埼玉県,川口市金山町12-1,,,ｻｳｽｹﾞｰﾄﾀﾜｰ101,35.79621321,139.7209938,,,,,(048)224-3599,,(048)224-3599,,,,,,株式会社　こどもの森,2014/4/1,60,0歳から5歳,月火水木金土,7:00,20:00,土曜日の開所時間は07：00から18：00休所日は日曜日及び祝日、12/29から1/3まで,無,,,,,,,,,,,,,,,
112038,k130000075,埼玉県川口市,うぃず川口元郷駅前保育園,ウィズカワグチモトゴウエキマエホイクエン,,認可私立保育所,112038,,埼玉県川口市元郷1-4-21,埼玉県,川口市元郷1-4-21,,,,35.80118979,139.7318098,,,,,(048)229-4691,,(048)229-4692,,,,,,社会福祉法人　彩保育会,2014/4/1,75,0歳から5歳,月火水木金土,7:00,20:00,土曜日の開所時間は07：00から18：00休所日は日曜日及び祝日、12/29から1/3まで,有,,,,,,,,,,,,,,,
112038,k130000076,埼玉県川口市,太陽の子川口幸町保育園,タイヨウノコカワグチサイワイチョウホイクエン,,認可私立保育所,112038,,埼玉県川口市幸町1-4-36,埼玉県,川口市幸町1-4-36,,,,35.80569707,139.7225192,,,,,(048)240-2211,,(048)257-6800,,,,,,ＨＩＴＯＷＡキッズライフ　株式会社,2014/4/1,60,0歳から5歳,月火水木金土,7:00,20:00,土曜日の開所時間は07：00から18：00休所日は日曜日及び祝日、12/29から1/3まで,無,,,,,,,,,,,,,,,
112038,k130000077,埼玉県川口市,汽車ぽっぽ第２保育園,キシャポッポダイニホイクエン,,認可私立保育所,112038,,埼玉県川口市安行吉蔵334-1,埼玉県,川口市安行吉蔵334-1,,,,35.85206538,139.7697553,,,,,(048)297-7599,,(048)297-7598,,,,,,社会福祉法人　けやき福祉会,2015/4/1,60,0歳から5歳,月火水木金土,7:00,19:00,土曜日の開所時間は07：00から18：00休所日は日曜日及び祝日、12/29から1/3まで,無,,,,,,,,,,,,,,,
112038,k130000078,埼玉県川口市,ステラ川口戸塚保育園,ステラカワグチトツカホイクエン,,認可私立保育所,112038,,埼玉県川口市戸塚5-8-5,埼玉県,川口市戸塚5-8-5,,,,35.8640067,139.7486207,,,,,(048)296-8000,,(048)297-6275,,,,,,社会福祉法人　星風会,2015/4/1,80,0歳から5歳,月火水木金土,7:00,20:00,土曜日の開所時間は07：00から18：00休所日は日曜日及び祝日、12/29から1/3まで,無,,,,,,,,,,,,,,,
112038,k130000079,埼玉県川口市,川口おおぞら保育園,カワグチオオゾラホイクエン,,認可私立保育所,112038,,埼玉県川口市石神697,埼玉県,川口市石神697,,,,35.86021833,139.7357836,,,,,(048)297-1002,,(048)297-1007,,,,,,社会福祉法人　まあれ愛恵会,2015/4/1,80,0歳から5歳,月火水木金土,7:00,20:00,土曜日の開所時間は07：00から18：00休所日は日曜日及び祝日、12/29から1/3まで,有,,,,,,,,,,,,,,,
112038,k130000080,埼玉県川口市,かわぐちこころ保育園,カワグチココロホイクエン,,認可私立保育所,112038,,埼玉県川口市安行出羽5-2-5,埼玉県,川口市安行出羽5-2-5,,,,35.85076259,139.7646145,,,,,(048)290-3030,,(048)290-3031,,,,,,社会福祉法人　こころ福祉会,2015/4/1,90,0歳から5歳,月火水木金土,7:00,20:00,土曜日の開所時間は07：00から18：00休所日は日曜日及び祝日、12/29から1/3まで,無,,,,,,,,,,,,,,,
112038,k130000081,埼玉県川口市,太陽の子　南鳩ヶ谷駅前保育園,タイヨウノコミナミハトガヤエキマエホイクエン,,認可私立保育所,112038,,埼玉県川口市南鳩ヶ谷4-10-19,埼玉県,川口市南鳩ヶ谷4-10-19,,,,35.8156186,139.7370763,,,,,(048)287-7707,,(048)287-7708,,,,,,ＨＩＴＯＷＡキッズライフ　株式会社,2015/4/1,70,0歳から5歳,月火水木金土,7:00,20:00,土曜日の開所時間は07：00から18：00休所日は日曜日及び祝日、12/29から1/3まで,無,,,,,,,,,,,,,,,
112038,k130000082,埼玉県川口市,川口星の子保育園,カワグチホシノコホイクエン,,認可私立保育所,112038,,埼玉県川口市新井宿25-3,埼玉県,川口市新井宿25-3,,,,35.84185893,139.7384577,,,,,(048)286-7760,,(048)286-7761,,,,,,株式会社　ゆうかり,2015/4/1,60,0歳から5歳,月火水木金土,7:00,19:00,土曜日の開所時間は07：00から18：00休所日は日曜日及び祝日、12/29から1/3まで,無,,,,,,,,,,,,,,,
112038,k130000083,埼玉県川口市,みどりご園,ミドリゴエン,,認可私立保育所,112038,,埼玉県川口市弥平2-2-14,埼玉県,川口市弥平2-2-14,,,,35.80382882,139.7483494,,,,,(048)226-3719,,(048)229-3677,,,,,,社会福祉法人　シオンの会,2015/4/1,90,0歳から5歳,月火水木金土,7:00,19:00,土曜日の開所時間は07：00から18：00休所日は日曜日及び祝日、12/29から1/3まで,有,,,,,,,,,,,,,,,
112038,k130000084,埼玉県川口市,川口すみれ保育園,カワグチスミレホイクエン,,認可私立保育所,112038,,埼玉県川口市飯塚2-2-1,埼玉県,川口市飯塚2-2-1,,,ライオンズプラザ川口,35.80174556,139.7133999,,,,,(048)254-4649,,(048)242-5252,,,,,,株式会社　東立,2015/4/1,75,0歳から5歳,月火水木金土,7:00,20:00,土曜日の開所時間は08：00から18：00休所日は日曜日及び祝日、12/29から1/3まで,無,,,,,,,,,,,,,,,
112038,k130000085,埼玉県川口市,保育所まぁむ川口東口園,ホイクショマァムカワグチヒガシグチエン,,認可私立保育所,112038,,埼玉県川口市幸町3-8-46-203,埼玉県,川口市幸町3-8-46-203,,,,35.8050447,139.7178631,,,,,(048)254-5116,,(048)280-6105,,,,,,株式会社　ＷＩＴＨ,2015/4/1,49,1歳から5歳,月火水木金土,7:00,20:00,土曜日の開所時間は07：00から18：00休所日は日曜日及び祝日、12/29から1/3まで,無,,,,,,,,,,,,,,,
112038,k130000086,埼玉県川口市,インフィニティ保育園　柳崎園,インフィニティホイクエンヤナギサキエン,,認可私立保育所,112038,,埼玉県川口市柳崎2-25-9,埼玉県,川口市柳崎2-25-9,,,,35.85205265,139.6972498,,,,,(048)423-3611,,(048)423-3619,,,,,,株式会社　インフィニティプラネット,2015/4/1,38,0歳から5歳,月火水木金土,7:00,19:00,土曜日の開所時間は07：00から18：00休所日は日曜日及び祝日、12/29から1/3まで,無,,,,,,,,,,,,,,,
112038,k130000087,埼玉県川口市,リトル宙保育園,リトルソラホイクエン,,認可私立保育所,112038,,埼玉県川口市芝樋ノ爪1-7-9,埼玉県,川口市芝樋ノ爪1-7-9,,,,35.82989222,139.6904301,,,,,(048)262-6606,,(048)262-6607,,,,,,社会福祉法人　藤照会,2015/4/1,49,0歳から5歳,月火水木金土,7:00,20:00,土曜日の開所時間は07：00から18：00休所日は日曜日及び祝日、12/29から1/3まで,無,,,,,,,,,,,,,,,
112038,k130000088,埼玉県川口市,プリスクレール・ディゾ・アンジェ川口戸塚,プリスクレールディゾアンジェカワグチトツカ,,認可私立保育所,112038,,埼玉県川口市戸塚3-21-12,埼玉県,川口市戸塚3-21-12,,,,35.86754166,139.7514336,,,,,(048)229-3217,,(048)229-3276,,,,,,有限会社　パレット,2016/4/1,80,0歳から5歳,月火水木金土,7:00,20:00,土曜日の開所時間は07：00から18：00休所日は日曜日及び祝日、12/29から1/3まで,無,,,,,,,,,,,,,,,
112038,k130000089,埼玉県川口市,川口まりーな保育園,カワグチマリーナホイクエン,,認可私立保育所,112038,,埼玉県川口市八幡木2-1-17,埼玉県,川口市八幡木2-1-17,,,,35.81673661,139.747384,,,,,(048)242-5517,,(048)242-5519,,,,,,株式会社　ＬＩＤＯ,2016/4/1,69,0歳から5歳,月火水木金土,7:00,19:00,土曜日の開所時間は07：00から18：00休所日は日曜日及び祝日、12/29から1/3まで,無,,,,,,,,,,,,,,,
112038,k130000090,埼玉県川口市,西川口クマさん保育所,ニシカワグチクマサンホイクショ,,認可私立保育所,112038,,埼玉県川口市並木2-9-9,埼玉県,川口市並木2-9-9,,,,35.81592044,139.7091011,,,,,(048)240-3175,,(048)240-3176,,,,,,社会福祉法人　優愛会,2017/4/1,90,0歳から5歳,月火水木金土,7:00,20:00,土曜日の開所時間は07：00から18：00休所日は日曜日及び祝日、12/29から1/3まで,有,,,,,,,,,,,,,,,
112038,k130000091,埼玉県川口市,たいよう保育園中青木園,タイヨウホイクエンナカアオキエン,,認可私立保育所,112038,,埼玉県川口市中青木4-11-1,埼玉県,川口市中青木4-11-1,,,,35.81593925,139.7182918,,,,,(048)257-5501,,(048)257-5507,,,,,,株式会社　サングリット,2017/4/1,90,0歳から5歳,月火水木金土,7:00,19:00,土曜日の開所時間は07：00から18：00休所日は日曜日及び祝日、12/29から1/3まで,無,,,,,,,,,,,,,,,
112038,k130000092,埼玉県川口市,いちごひがし保育園,イチゴヒガシホイクエン,,認可私立保育所,112038,,埼玉県川口市大字里712-3,埼玉県,川口市大字里712-3,,,,35.83488457,139.7338962,,,,,(048)281-0015,,(048)281-0025,,,,,,有限会社　いちご保育園,2017/4/1,60,0歳から5歳,月火水木金土,7:00,19:00,土曜日の開所時間は07：00から18：00休所日は日曜日及び祝日、12/29から1/3まで,無,,,,,,,,,,,,,,,
112038,k130000093,埼玉県川口市,みらい保育園,ミライホイクエン,,認可私立保育所,112038,,埼玉県川口市西川口1-39-5,埼玉県,川口市西川口1-39-5,,,,35.81502252,139.69958,,,,,(048)240-0008,,(048)255-5556,,,,,,株式会社　フロンティアキッズ,2017/4/1,100,0歳から5歳,月火水木金土,7:00,19:00,土曜日の開所時間は07：00から18：00休所日は日曜日及び祝日、12/29から1/3まで,無,,,,,,,,,,,,,,,
112038,k130000094,埼玉県川口市,バンビ保育園あさひ,バンビホイクエンアサヒ,,認可私立保育所,112038,,埼玉県川口市朝日1-26-7,埼玉県,川口市朝日1-26-7,,,,35.80741037,139.7388507,,,,,(048)226-3565,,(048)226-3566,,,,,,株式会社　バンビ保育園,2017/4/1,70,0歳から5歳,月火水木金土,7:00,19:00,土曜日の開所時間は07：00から18：00休所日は日曜日及び祝日、12/29から1/3まで,無,,,,,,,,,,,,,,,
112038,k130000095,埼玉県川口市,うぐす保育園川口戸塚,ウグスホイクエンカワグチトツカ,,認可私立保育所,112038,,埼玉県川口市西立野400-9,埼玉県,川口市西立野400-9,,,,35.85749662,139.7511366,,,,,(048)298-7887,,(048)298-7877,,,,,,株式会社　UGUSU,2017/4/1,70,0歳から5歳,月火水木金土,7:00,19:00,土曜日の開所時間は07：00から18：00休所日は日曜日及び祝日、12/29から1/3まで,無,,,,,,,,,,,,,,,
112038,k130000096,埼玉県川口市,川口きらら保育園,カワグチキララホイクエン,,認可私立保育所,112038,,埼玉県川口市本町1-7-5,埼玉県,川口市本町1-7-5,,,,35.79528755,139.7243624,,,,,(048)420-9193,,(048)420-9194,,,,,,株式会社　プレストエデュケーションズ,2017/4/1,76,0歳から5歳,月火水木金土,7:00,19:00,土曜日の開所時間は07：00から18：00休所日は日曜日及び祝日、12/29から1/3まで,無,,,,,,,,,,,,,,,
112038,k130000097,埼玉県川口市,ＯＨＡＮＡ川口保育園,オハナカワグチホイクエン,,認可私立保育所,112038,,埼玉県川口市川口2-9-14,埼玉県,川口市川口2-9-14,,,,35.79808884,139.7174185,,,,,(048)240-3386,,(048)497-2014,,,,,,株式会社 豊翔堂,2017/4/1,50,1歳から5歳,月火水木金土,7:00,20:00,土曜日の開所時間は07：00から18：00休所日は日曜日及び祝日、12/29から1/3まで,無,,,,,,,,,,,,,,,
112038,k130000098,埼玉県川口市,元郷まりーな保育園,モトゴウマリーナホイクエン,,認可私立保育所,112038,,埼玉県川口市弥平1-9-7,埼玉県,川口市弥平1-9-7,,,,35.80114501,139.7464236,,,,,(048)287-8686,,(048)287-8787,,,,,,株式会社　ＬＩＤＯ,2017/4/1,80,0歳から5歳,月火水木金土,7:00,19:00,土曜日の開所時間は07：00から18：00休所日は日曜日及び祝日、12/29から1/3まで,無,,,,,,,,,,,,,,,
112038,k130000099,埼玉県川口市,キッズランド川口金山町園,キッズランドカワグチカナヤマチョウエン,,認可私立保育所,112038,,埼玉県川口市金山町12-1,埼玉県,川口市金山町12-1,,,サウスゲートタワー103-3,35.79675941,139.7210766,,,,,(048)224-3100,,(048)452-4610,,,,,,キッズハウス・サポート・サービス　株式会社,2017/4/1,52,0歳から5歳,月火水木金土,7:00,19:00,土曜日の開所時間は07：00から18：00休所日は日曜日及び祝日、12/29から1/3まで,無,,,,,,,,,,,,,,,
112038,k130000100,埼玉県川口市,あおい保育園,アオイホイクエン,,認可私立保育所,112038,,埼玉県川口市榛松1-8-12,埼玉県,川口市榛松1-8-12,,,,35.82055014,139.7723707,,,,,(048)284-6667,,(048)284-7776,,,,,,株式会社　フロンティアキッズ,2018/4/1,90,0歳から5歳,月火水木金土,7:00,19:00,土曜日の開所時間は07：00から18：00休所日は日曜日及び祝日、12/29から1/3まで,無,,,,,,,,,,,,,,,
112038,k130000101,埼玉県川口市,川口木曽呂ゆたか保育園,カワグチキゾロユタカホイクエン,,認可私立保育所,112038,,埼玉県川口市大字木曽呂496-2,埼玉県,川口市大字木曽呂496-2,,,,35.8604451,139.7288342,,,,,(048)290-0500,,(048)290-0501,,,,,,社会福祉法人　良心会,2018/4/1,60,0歳から5歳,月火水木金土,7:00,19:00,土曜日の開所時間は07：00から18：00休所日は日曜日及び祝日、12/29から1/3まで,無,,,,,,,,,,,,,,,
112038,k130000102,埼玉県川口市,たいよう保育園東川口園,タイヨウホイクエンヒガシカワグチエン,,認可私立保育所,112038,,埼玉県川口市戸塚3-1-25,埼玉県,川口市戸塚3-1-25,,,,35.86953195,139.7451438,,,,,(048)290-3987,,(048)290-3986,,,,,,株式会社　サングリット,2018/4/1,90,0歳から5歳,月火水木金土,7:00,19:00,土曜日の開所時間は07：00から18：00休所日は日曜日及び祝日、12/29から1/3まで,無,,,,,,,,,,,,,,,
112038,k130000103,埼玉県川口市,川口青木おおぞら保育園,カワグチアオキオオゾラホイクエン,,認可私立保育所,112038,,埼玉県川口市青木3-2-23,埼玉県,川口市青木3-2-23,,,,35.81204421,139.723564,,,,,(048)271-7700,,(048)271-7701,,,,,,社会福祉法人　まあれ愛恵会,2018/4/1,87,0歳から5歳,月火水木金土,7:00,20:00,土曜日の開所時間は07：00から18：00休所日は日曜日及び祝日、12/29から1/3まで,無,,,,,,,,,,,,,,,
112038,k130000104,埼玉県川口市,彩の実保育園,サイノミホイクエン,,認可私立保育所,112038,,埼玉県川口市本町2-4-21,埼玉県,川口市本町2-4-21,,,,35.8002754,139.7264547,,,,,(048)229-3915,,(048)229-3747,,,,,,株式会社　Bring up,2018/4/1,90,0歳から5歳,月火水木金土,7:00,19:30,土曜日の開所時間は07：00から18：00休所日は日曜日及び祝日、12/29から1/3まで,無,,,,,,,,,,,,,,,
112038,k130000105,埼玉県川口市,スキップ川口保育園,スキップカワグチホイクエン,,認可私立保育所,112038,,埼玉県川口市芝中田2-35-10,埼玉県,川口市芝中田2-35-10,,,,35.82984115,139.705273,,,,,(048)260-3102,,(048)260-3103,,,,,,株式会社　ニコピース,2018/4/1,70,0歳から5歳,月火水木金土,7:00,19:00,土曜日の開所時間は07：00から18：00休所日は日曜日及び祝日、12/29から1/3まで,無,,,,,,,,,,,,,,,
112038,k130000106,埼玉県川口市,正光寺保育園鳩ヶ谷園,ショウコウジホイクエンハトガヤエン,,認可私立保育所,112038,,埼玉県川口市鳩ヶ谷本町3-21-8,埼玉県,川口市鳩ヶ谷本町3-21-8,,,,35.83287814,139.7445661,,,,,(048)420-9081,,(048)420-9082,,,,,,宗教法人　正光寺,2018/4/1,60,0歳から5歳,月火水木金土,7:00,19:00,土曜日の開所時間は07：00から18：00休所日は日曜日及び祝日、12/29から1/3まで,無,,,,,,,,,,,,,,,
112038,k130000107,埼玉県川口市,はちまんぎ保育園,ハチマンギホイクエン,,認可私立保育所,112038,,埼玉県川口市八幡木1-17-2,埼玉県,川口市八幡木1-17-2,,,,35.81963319,139.7484449,,,,,(048)280-6216,,(048)280-6217,,,,,,社会福祉法人　慈安会,2019/4/1,86,0歳から5歳,月火水木金土,7:00,19:00,土曜日の開所時間は07：00から18：00休所日は日曜日及び祝日、12/29から1/3まで,無,,,,,,,,,,,,,,,
112038,k130000108,埼玉県川口市,ふるーる保育園川口本町,フルールホイクエンカワグチホンチョウ,,認可私立保育所,112038,,埼玉県川口市本町4-16-14,埼玉県,川口市本町4-16-14,,,,35.79892683,139.7220798,,,,,(048)228-0100,,(048)228-0101,,,,,,株式会社　アヴェニエール,2019/4/1,70,0歳から5歳,月火水木金土,7:00,19:00,土曜日の開所時間は07：00から18：00休所日は日曜日及び祝日、12/29から1/3まで,無,,,,,,,,,,,,,,,
112038,k130000109,埼玉県川口市,はなにこ保育園,ハナニコホイクエン,,認可私立保育所,112038,,埼玉県川口市本町3-3-15,埼玉県,川口市本町3-3-15,,,シミュレーINAGAKI　１階,35.80017052,139.7224548,,,,,(048)420-9615,,(048)420-9616,,,,,,木実和　株式会社,2019/4/1,30,1歳から5歳,月火水木金土,7:30,19:30,土曜日の開所時間は08：00から19：00休所日は日曜日及び祝日、12/29から1/3まで,無,,,,,,,,,,,,,,,
112038,k130000110,埼玉県川口市,川口アイ保育園,カワグチアイホイクエン,,認可私立保育所,112038,,埼玉県川口市川口6-5-16,埼玉県,川口市川口6-5-16,,,,35.80422861,139.7097618,,,,,(048)256-8211,,(048)256-8212,,,,,,社会福祉法人　友愛会,2019/4/1,66,0歳から5歳,月火水木金土,7:00,19:30,土曜日の開所時間は07：00から18：00休所日は日曜日及び祝日、12/29から1/3まで,無,,,,,,,,,,,,,,,
112038,k130000111,埼玉県川口市,かわぐち杜の保育園,カワグチモリノホイクエン,,認可私立保育所,112038,,埼玉県川口市西川口1-24-2,埼玉県,川口市西川口1-24-2,,,日神パレス西川口201号室,35.8144915,139.7039363,,,,,(048)229-4561,,(048)229-4562,,,,,,社会福祉法人　すくすくどろんこの会,2019/4/1,45,0歳から5歳,月火水木金土,7:00,19:00,土曜日の開所時間は07：00から18：00休所日は日曜日及び祝日、12/29から1/3まで,無,,,,,,,,,,,,,,,
112038,k130000112,埼玉県川口市,さくらそう保育園元郷,サクラソウホイクエンモトゴウ,,認可私立保育所,112038,,埼玉県川口市元郷1-21-13,埼玉県,川口市元郷1-21-13,,,,35.79905816,139.7342316,,,,,(048)229-4572,,(048)229-4573,,,,,,株式会社　プリムラ,2019/4/1,60,0歳から5歳,月火水木金土,7:00,19:00,土曜日の開所時間は07：00から19：00休所日は日曜日及び祝日、12/29から1/3まで,無,,,,,,,,,,,,,,,
112038,k130000113,埼玉県川口市,川口くれよん保育園,カワグチクレヨンホイクエン,,認可私立保育所,112038,,埼玉県川口市長蔵2-6-10,埼玉県,川口市長蔵2-6-10,,,,35.86118219,139.759178,,,,,(048)242-3435,,(048)242-3595,,,,,,株式会社　NLN福祉サービス,2019/4/1,60,0歳から5歳,月火水木金土,7:00,19:00,土曜日の開所時間は07：00から18：00休所日は日曜日及び祝日、12/29から1/3まで,無,,,,,,,,,,,,,,,
112038,k130000114,埼玉県川口市,東川口あら川保育園,ヒガシカワグチアラカワホイクエン,,認可私立保育所,112038,,埼玉県川口市戸塚1-6-18,埼玉県,川口市戸塚1-6-18,,,,35.87054823,139.742625,,,,,(048)446-7531,,(048)446-7541,,,,,,社会福祉法人　城西福祉会,2019/4/1,77,0歳から5歳,月火水木金土,7:00,19:30,土曜日の開所時間は07：00から18：00休所日は日曜日及び祝日、12/29から1/3まで,無,,,,,,,,,,,,,,,
112038,k130000115,埼玉県川口市,プリスクレール・ディゾ・アンジェ戸塚安行,プリスクレールディゾアンジェトツカアンギョウ,,認可私立保育所,112038,,埼玉県川口市長蔵1-25-3,埼玉県,川口市長蔵1-25-3,,,,35.85856313,139.7570827,,,,,(048)229-2835,,(048)229-2836,,,,,,有限会社　パレット,2019/4/1,90,0歳から5歳,月火水木金土,7:00,20:00,土曜日の開所時間は07：00から18：00休所日は日曜日及び祝日、12/29から1/3まで,無,,,,,,,,,,,,,,,
112038,k130000116,埼玉県川口市,そよ風保育園　戸塚園,ソヨカゼホイクエントツカエン,,認可私立保育所,112038,,埼玉県川口市戸塚3-32-22,埼玉県,川口市戸塚3-32-22,,,,35.87123068,139.749978,,,,,(048)229-8844,,(048)229-8844,,,,,,株式会社　T&C,2019/4/1,60,0歳から5歳,月火水木金土,7:00,19:00,土曜日の開所時間は07：00から18：00休所日は日曜日及び祝日、12/29から1/3まで,無,,,,,,,,,,,,,,,
112038,k130000117,埼玉県川口市,ユアーズ・マミー保育室,ユアーズマミーホイクシツ,,認可私立保育所,112038,,埼玉県川口市本町4-7-3,埼玉県,川口市本町4-7-3,,,2F,35.80068845,139.7195739,,,,,(048)299-9827,,(048)299-9827,,,,,,株式会社　サン建築設計事務所,2015/4/1,19,0歳から2歳,月火水木金土,7:30,19:00,土曜日の開所時間は07：30から19：00休所日は日曜日及び祝日、12/29から1/3まで,無,,,,,,,,,,,,,,,
112038,k130000118,埼玉県川口市,東川口保育園えくぼ,ヒガシカワグチホイクエンエクボ,,認可私立保育所,112038,,埼玉県川口市北原台1-7-22　,埼玉県,川口市北原台1-7-22　,,,ｵｰｸｶﾞｰﾃﾞﾝ参番館A棟1F,35.87018959,139.7409211,,,,,(048)299-8388,,(048)299-8388,,,,,,田邉　万己,2015/4/1,12,0歳から2歳,月火水木金土,7:30,18:30,土曜日の開所時間は07：30から18：30休所日は日曜日及び祝日、12/29から1/3まで,無,,,,,,,,,,,,,,,
112038,k130000119,埼玉県川口市,第１ひまわり園,ダイイチヒマワリエン,,認可私立保育所,112038,,埼玉県川口市西立野534-4　,埼玉県,川口市西立野534-4　,,,ｻｶﾞﾐﾚｼﾞﾃﾞﾝｽ1F,35.85835648,139.7501036,,,,,(048)294-1559,,(048)294-1559,,,,,,株式会社　ひまわり,2015/4/1,12,0歳から2歳,月火水木金土,7:30,18:30,土曜日の開所時間は07：30から18：30休所日は日曜日及び祝日、12/29から1/3まで,無,,,,,,,,,,,,,,,
112038,k130000120,埼玉県川口市,さくらそう保育園東領家,サクラソウホイクエンヒガシリョウケ,,認可私立保育所,112038,,埼玉県川口市東領家3-16-2　　,埼玉県,川口市東領家3-16-2　　,,,ｳﾞｪﾙﾃﾞｶｰｻﾞ102,35.7943281,139.7535452,,,,,(048)222-5150,,(048)222-5150,,,,,,株式会社　プリムラ,2015/4/1,12,0歳から2歳,月火水木金土,8:00,19:00,土曜日の開所時間は08：00から19：00休所日は日曜日及び祝日、12/29から1/3まで,無,,,,,,,,,,,,,,,
112038,k130000121,埼玉県川口市,可愛い子保育園,カワイイコホイクエン,,認可私立保育所,112038,,埼玉県川口市江戸袋1-13-31,埼玉県,川口市江戸袋1-13-31,,,,35.81795053,139.7570378,,,,,(048)281-0836,,(048)281-0836,,,,,,株式会社　可愛い子,2015/4/1,19,0歳から2歳,月火水木金土,7:00,18:30,土曜日の開所時間は07：00から16：30休所日は日曜日及び祝日、12/29から1/3まで,無,,,,,,,,,,,,,,,
112038,k130000122,埼玉県川口市,さくら保育園　川口東口園,サクラホイクエン　カワグチヒガシグチエン,,認可私立保育所,112038,,埼玉県川口市栄町3-12-11　,埼玉県,川口市栄町3-12-11　,,,ｺｽﾓ川口栄町204,35.80485099,139.7205163,,,,,(048)255-7531,,(048)255-7531,,,,,,株式会社　東立,2015/4/1,19,0歳から2歳,月火水木金土,7:30,19:00,土曜日の開所時間は07：30から18：30休所日は日曜日及び祝日、12/29から1/3まで,無,,,,,,,,,,,,,,,
112038,k130000123,埼玉県川口市,コマームナーサリー川口,コマームナーサリーカワグチ,,認可私立保育所,112038,,埼玉県川口市栄町1-12-21　,埼玉県,川口市栄町1-12-21　,,,ｼﾃｨﾃﾞｭｵﾀﾜｰ211,35.80221252,139.7275796,,,,,(048)240-5006,,(048)240-5005,,,,,,株式会社　コマーム,2015/4/1,15,0歳から2歳,月火水木金土,7:00,20:00,土曜日の開所時間は08：00から19：00休所日は日曜日及び祝日、12/29から1/3まで,無,,,,,,,,,,,,,,,
112038,k130000124,埼玉県川口市,わかば保育園,ワカバホイクエン,,認可私立保育所,112038,,埼玉県川口市西川口6-17-6,埼玉県,川口市西川口6-17-6,,,,35.80732828,139.7001922,,,,,(048)252-0625,,(048)252-0625,,,,,,株式会社　若葉,2020/4/1,19,0歳から2歳,月火水木金土,7:30,19:00,土曜日の開所時間は08：00から19：00休所日は日曜日及び祝日、12/29から1/3まで,無,,,,,,,,,,,,,,,
112038,k130000125,埼玉県川口市,よつば保育園,ヨツバホイクエン,,認可私立保育所,112038,,埼玉県川口市北園町15-9,埼玉県,川口市北園町15-9,,,ｻﾝﾊﾟﾃｨｵ201,35.85651762,139.7037599,,,,,(048)458-0130,,(048)458-0124,,,,,,株式会社　アヴェニエール,2015/4/1,19,0歳から2歳,月火水木金土,7:30,19:00,土曜日の開所時間は07：30から18：00休所日は日曜日及び祝日、12/29から1/3まで,無,,,,,,,,,,,,,,,
112038,k130000126,埼玉県川口市,うさぎ野原の保育園,ウサギノハラノホイクエン,,認可私立保育所,112038,,埼玉県川口市東川口6-8-18,埼玉県,川口市東川口6-8-18,,,,35.87733019,139.753957,,,,,(048)296-2609,,(048)290-4175,,,,,,有限会社　D&B,2015/4/1,19,0歳から2歳,月火水木金土,7:00,18:00,土曜日の開所時間は07：30から18：00休所日は日曜日及び祝日、12/29から1/3まで,無,,,,,,,,,,,,,,,
112038,k130000127,埼玉県川口市,東川口駅前そよ風保育園,ヒガシカワグチエキマエソヨカゼホイクエン,,認可私立保育所,112038,,埼玉県川口市東川口2-6-18　,埼玉県,川口市東川口2-6-18　,,,ｺﾓﾄﾞ･ｳﾞｨｱｰﾚ弐番館103号,35.87647091,139.7473977,,,,,(048)235-3265,,(048)235-3265,,,,,,株式会社　T&C,2015/4/1,19,0歳から2歳,月火水木金土,7:30,18:30,土曜日の開所時間は07：00から18：00休所日は日曜日及び祝日、12/29から1/3まで,無,,,,,,,,,,,,,,,
112038,k130000128,埼玉県川口市,第２ひまわり園,ダイニヒマワリエン,,認可私立保育所,112038,,埼玉県川口市戸塚南1-1-25,埼玉県,川口市戸塚南1-1-25,,,,35.86081211,139.753767,,,,,(048)296-0909,,(048)296-0909,,,,,,株式会社　ひまわり,2015/4/1,19,0歳から2歳,月火水木金土,7:30,18:30,土曜日の開所時間は07：30から18：30休所日は日曜日及び祝日、12/29から1/3まで,無,,,,,,,,,,,,,,,
112038,k130000129,埼玉県川口市,安行東おうち保育園neo,アンギョウヒガシオウチホイクエンネオ,,認可私立保育所,112038,,埼玉県川口市安行藤八182-5,埼玉県,川口市安行藤八182-5,,,,35.8572167,139.763856,,,,,(048)299-4354,,(048)299-4354,,,,,,特定非営利活動法人すこやか,2015/4/1,10,1歳から2歳,月火水木金土,7:00,18:00,土曜日の開所時間は07：00から18：00休所日は日曜日及び祝日、12/29から1/3まで,無,,,,,,,,,,,,,,,
112038,k130000130,埼玉県川口市,ｋｉｄ’ｓ　Ｐａｔｉｏ　はとがや園,キッズ　パティオ　ハトガヤエン,,認可私立保育所,112038,,埼玉県川口市坂下町3-5-15　,埼玉県,川口市坂下町3-5-15　,,,鳩ヶ谷ｴｺｰﾊｲﾂ102、103,35.82831024,139.7397334,,,,,(048)282-8815,,(048)282-8815,,,,,,株式会社　かえで,2015/4/1,19,0歳から2歳,月火水木金土,7:30,19:30,土曜日の開所時間は07：30から19：30休所日は日曜日及び祝日、12/29から1/3まで,無,,,,,,,,,,,,,,,
112038,k130000131,埼玉県川口市,まーぶる保育園リプレ川口園,マーブルホイクエンリプレカワグチエン,,認可私立保育所,112038,,埼玉県川口市川口3-2-1　,埼玉県,川口市川口3-2-1　,,,リプレ川口一番街1号棟201,35.80179796,139.715495,,,,,(048)229-8127,,(048)229-8278,,,,,,株式会社　ウィズユーコーポレーション,2016/4/1,16,1歳から2歳,月火水木金土,7:30,19:30,土曜日の開所時間は07：30から19：30休所日は日曜日及び祝日、12/29から1/3まで,無,,,,,,,,,,,,,,,
112038,k130000132,埼玉県川口市,ゆたか保育園,ユタカホイクエン,,認可私立保育所,112038,,埼玉県川口市芝中田2-32-4,埼玉県,川口市芝中田2-32-4,,,,35.82934256,139.7044356,,,,,(048)268-5030,,(048)268-5030,,,,,,株式会社anju,2016/4/1,19,0歳から2歳,月火水木金土,7:15,18:15,土曜日の開所時間は07：15から18：15休所日は日曜日及び祝日、12/29から1/3まで,無,,,,,,,,,,,,,,,
112038,k130000133,埼玉県川口市,さくらそう保育園朝日,サクラソウホイクエンアサヒ,,認可私立保育所,112038,,埼玉県川口市朝日6-18-6,埼玉県,川口市朝日6-18-6,,,1Ｆ,35.80643595,139.7467045,,,,,(048)222-3721,,(048)222-3721,,,,,,株式会社　プリムラ,2016/4/1,15,0歳から2歳,月火水木金土,8:00,19:00,土曜日の開所時間は08：00から19：00休所日は日曜日及び祝日、12/29から1/3まで,無,,,,,,,,,,,,,,,
112038,k130000134,埼玉県川口市,ともいき保育園,トモイキホイクエン,,認可私立保育所,112038,,埼玉県川口市芝1-25-3,埼玉県,川口市芝1-25-3,,,,35.83183885,139.7039908,,,,,(048)267-4990,,(048)267-4990,,,,,,一般社団法人　ともいき保育会,2017/4/1,17,0歳から2歳,月火水木金土,7:30,18:30,土曜日の開所時間は07：00から18：00休所日は日曜日及び祝日、12/29から1/3まで,無,,,,,,,,,,,,,,,
112038,k130000135,埼玉県川口市,西川口アイ保育園,ニシカワグチアイホイクエン,,認可私立保育所,112038,,埼玉県川口市並木3-31-7,埼玉県,川口市並木3-31-7,,,,35.81898448,139.7055261,,,,,(048)255-1310,,(048)256-1181,,,,,,佐藤　一美,2017/4/1,19,0歳から2歳,月火水木金土,7:30,19:00,土曜日の開所時間は07：30から18：30休所日は日曜日及び祝日、12/29から1/3まで,無,,,,,,,,,,,,,,,
112038,k130000136,埼玉県川口市,保育所まぁむ川口西口園,ホイクショマァムカワグチニシグチエン,,認可私立保育所,112038,,埼玉県川口市飯塚1-11-8,埼玉県,川口市飯塚1-11-8,,,,35.79773928,139.7150754,,,,,(048)251-5808,,(048)287-3860,,,,,,株式会社　ＷＩＴＨ,2017/4/1,19,0歳から2歳,月火水木金土,7:30,19:00,土曜日の開所時間は07：30から19：00休所日は日曜日及び祝日、12/29から1/3まで,無,,,,,,,,,,,,,,,
112038,k130000137,埼玉県川口市,ふるーる保育園川口前川,フルールホイクエンカワグチマエカワ,,認可私立保育所,112038,,埼玉県川口市前川4-42-1　,埼玉県,川口市前川4-42-1　,,,藤栄ビル１階,35.83777675,139.7090109,,,,,(048)485-8660,,(048)485-8661,,,,,,株式会社　アヴェニエール,2017/4/1,19,0歳から2歳,月火水木金土,7:30,19:00,土曜日の開所時間は07：30から19：00休所日は日曜日及び祝日、12/29から1/3まで,無,,,,,,,,,,,,,,,
112038,k130000138,埼玉県川口市,ふるーる保育園川口並木,フルールホイクエンカワグチナミキ,,認可私立保育所,112038,,埼玉県川口市並木2-13-1　,埼玉県,川口市並木2-13-1　,,,ウィンビル西川口1階,35.81689022,139.7074979,,,,,(048)271-6688,,(048)271-6689,,,,,,株式会社　アヴェニエール,2018/4/1,19,0歳から2歳,月火水木金土,7:30,19:00,土曜日の開所時間は07：30から19：00休所日は日曜日及び祝日、12/29から1/3まで,無,,,,,,,,,,,,,,,
112038,k130000139,埼玉県川口市,ふるーる保育園　川口芝,フルールホイクエン　カワグチシバ,,認可私立保育所,112038,,埼玉県川口市芝2-16-13　,埼玉県,川口市芝2-16-13　,,,栄ビル1階,35.83263723,139.6987398,,,,,(048)263-1800,,(048)263-1801,,,,,,株式会社　アヴェニエール,2018/4/1,19,0歳から2歳,月火水木金土,7:30,19:00,土曜日の開所時間は07：30から19：00休所日は日曜日及び祝日、12/29から1/3まで,無,,,,,,,,,,,,,,,
112038,k130000140,埼玉県川口市,かたつむり保育園　芝新町,カタツムリホイクエン　シバシンマチ,,認可私立保育所,112038,,埼玉県川口市芝新町11-27　,埼玉県,川口市芝新町11-27　,,,Ark WARABI 1階,35.82856112,139.6940893,,,,,(048)424-4036,,(048)424-4037,,,,,,株式会社　プラクシスキッズ,2018/4/1,17,0歳から2歳,月火水木金土,7:00,19:00,土曜日の開所時間は07：00から18：00休所日は日曜日及び祝日、12/29から1/3まで,無,,,,,,,,,,,,,,,
112038,k130000141,埼玉県川口市,あいう園乳児保育室,アイウエンニュウジホイクシツ,,認可私立保育所,112038,,埼玉県川口市中青木1-2-33,埼玉県,川口市中青木1-2-33,,,,35.80756258,139.7205473,,,,,(048)251-3557,,(048)251-3620,,,,,,社会福祉法人　理趣会,2018/4/1,19,0歳から2歳,月火水木金土,7:30,19:00,土曜日の開所時間は07：30から18：30休所日は日曜日及び祝日、12/29から1/3まで,無,,,,,,,,,,,,,,,
112038,k130000142,埼玉県川口市,保育所ちびっこランド南鳩ヶ谷駅園,ホイクショチビッコランドミナミハトガヤエキエン,,認可私立保育所,112038,,埼玉県川口市南鳩ヶ谷5-1-7,埼玉県,川口市南鳩ヶ谷5-1-7,,,,35.81700337,139.7360303,,,,,(048)229-2510,,(048)229-2519,,,,,,カンチャン有限会社,2018/4/1,19,0歳から2歳,月火水木金土,7:30,18:30,土曜日の開所時間は07：30から18：30休所日は日曜日及び祝日、12/29から1/3まで,無,,,,,,,,,,,,,,,
112038,k130000143,埼玉県川口市,かたつむりベビー保育園　鳩ケ谷,カタツムリベビーホイクエン　ハトガヤ　,,認可私立保育所,112038,,埼玉県川口市里1616　,埼玉県,川口市里1616　,,,フレア鳩ケ谷,35.83088781,139.7342255,,,,,(048)452-8345,,(048)452-8346,,,,,,株式会社　プラクシスキッズ,2019/4/1,19,0歳から1歳,月火水木金土,7:00,19:00,土曜日の開所時間は07：00から18：00休所日は日曜日及び祝日、12/29から1/3まで,無,,,,,,,,,,,,,,,
112038,k130000144,埼玉県川口市,マミ保育園,マミホイクエン,,認可私立保育所,112038,,埼玉県川口市上青木3-20-4,埼玉県,川口市上青木3-20-4,,,,35.82459412,139.7223042,,,,,(048)266-5188,,(048)266-5188,,,,,,合同会社　マミ保育園,2015/4/1,12,0歳から2歳,月火水木金土,7:00,18:00,土曜日の開所時間は07：00から18：00休所日は日曜日及び祝日、12/29から1/3まで,無,,,,,,,,,,,,,,,
112038,k130000145,埼玉県川口市,たいよう保育園　芝中田園,タイヨウホイクエン　シバナカタエン,,認可私立保育所,112038,,埼玉県川口市芝中田2-8-28,埼玉県,川口市芝中田2-8-28,,,,35.82892929,139.7015308,,,,,(048)263-0707,,(048)263-0707,,,,,,株式会社　サングリット,2021/4/1,19,0歳から2歳,月火水木金土,7:30,19:30,土曜日の開所時間は07：30から18：30休所日は日曜日及び祝日、12/29から1/3まで,無,,,,,,,,,,,,,,,
112038,k130000146,埼玉県川口市,たいよう保育園　戸塚東園,タイヨウホイクエン　トツカヒガシエン,,認可私立保育所,112038,,埼玉県川口市戸塚東1-5-21,埼玉県,川口市戸塚東1-5-21,,,,35.87294394,139.7510948,,,,,(048)298-3500,,(048)298-3531,,,,,,株式会社　サングリット,2021/4/1,19,0歳から2歳,月火水木金土,7:30,19:30,土曜日の開所時間は07：30から18：30休所日は日曜日及び祝日、12/29から1/3まで,無,,,,,,,,,,,,,,,
112038,k130000147,埼玉県川口市,ポミエ保育園,ポミエホイクエン,,認可私立保育所,112038,,埼玉県川口市本町4-4-16　,埼玉県,川口市本町4-4-16　,,,ﾘﾋﾞｵｱｸｼｽﾌﾟﾚｲｽ203,35.80211593,139.7206127,,,,,(048)225-3080,,(048)225-3080,,,,,,株式会社カノ,2023/4/1,19,0歳から2歳,月火水木金土,7:50,18:50,土曜日の開所時間は07：50から18：50休所日は日曜日及び祝日、12/29から1/3まで,無,,,,,,,,,,,,,,,
112038,k130000148,埼玉県川口市,保育園キッズハウス川口園　第１保育室,ホイクエンキッズハウスカワグチエン　ダイイチホイクシツ,,認可私立保育所,112038,,埼玉県川口市川口1-5-14　,埼玉県,川口市川口1-5-14　,,,ｽｶｲﾌﾛﾝﾄﾀﾜｰ川口2F201,35.79606349,139.7196706,,,,,(048)225-5334,,(048)225-5334,,,,,,キッズハウス・サポート・サービス株式会社,2015/4/1,19,0歳から2歳,月火水木金土,7:30,19:00,土曜日の開所時間は07：30から18：00休所日は日曜日及び祝日、12/29から1/3まで,無,,,,,,,,,,,,,,,
112038,k130000149,埼玉県川口市,あゆみ保育所,アユミホイクショ,,認可私立保育所,112038,,埼玉県川口市並木2-28-11,埼玉県,川口市並木2-28-11,,,,35.81482959,139.7089942,,,,,(048)255-6920,,(048)255-6920,,,,,,吉村　可奈恵,2015/4/1,12,0歳から2歳,月火水木金土,7:00,18:00,土曜日の開所時間は07：00から18：00休所日は日曜日及び祝日、12/29から1/3まで,無,,,,,,,,,,,,,,,
112038,k130000150,埼玉県川口市,たいよう保育園　西川口駅東口園,タイヨウホイクエン　ニシカワグチエキヒガシグチエン,,認可私立保育所,112038,,埼玉県川口市並木3-24-8,埼玉県,川口市並木3-24-8,,,,35.81790084,139.7041865,,,,,(048)255-8300,,(048)255-8300,,,,,,株式会社　サングリット,2021/4/1,19,0歳から2歳,月火水木金土,7:30,19:30,土曜日の開所時間は07：30から18：30休所日は日曜日及び祝日、12/29から1/3まで,無,,,,,,,,,,,,,,,
112038,k130000151,埼玉県川口市,エンゼル保育園　石神園,エンゼルホイクエン　イシガミエン,,認可私立保育所,112038,,埼玉県川口市石神1661-1,埼玉県,川口市石神1661-1,,,,35.85910134,139.7393728,,,,,(048)296-1295,,(048)296-1295,,,,,,株式会社　エンゼル保育園,2021/4/1,19,0歳から2歳,月火水木金土,7:00,19:00,土曜日の開所時間は07：00から18：00休所日は日曜日及び祝日、12/29から1/3まで,無,,,,,,,,,,,,,,,
112038,k130000152,埼玉県川口市,保育園キッズハウス　新井宿駅前園,ホイクエンキッズハウス　アライジュクエキマエエン,,認可私立保育所,112038,,埼玉県川口市赤山1358-1,埼玉県,川口市赤山1358-1,,,,35.84363046,139.7425795,,,,,(048)475-9179,,(048)475-9179,,,,,,キッズハウス・サポート・サービス　株式会社,2015/4/1,19,0歳から2歳,月火水木金土,7:30,19:00,土曜日の開所時間は07：30から18：30休所日は日曜日及び祝日、12/29から1/3まで,無,,,,,,,,,,,,,,,
112038,k130000153,埼玉県川口市,保育園キッズハウス東川口園　第１保育室,ホイクエンキッズハウスヒガシカワグチエン　ダイイチホイクシツ,,認可私立保育所,112038,,埼玉県川口市東川口2-3-38　,埼玉県,川口市東川口2-3-38　,,,石井ﾋﾞﾙ1Ｆ,35.87599894,139.7467772,,,,,(048)294-0068,,(048)446-9846,,,,,,キッズハウス・サポート・サービス　株式会社,2015/4/1,19,0歳から2歳,月火水木金土,7:30,19:00,土曜日の開所時間は07：30から18：30休所日は日曜日及び祝日、12/29から1/3まで,無,,,,,,,,,,,,,,,
112038,k130000154,埼玉県川口市,第１フォーマミー保育園,ダイイチフォーマミーホイクエン,,認可私立保育所,112038,,埼玉県川口市東川口1-2-23,埼玉県,川口市東川口1-2-23,,,101,35.87682617,139.7431342,,,,,(048)290-7789,,(048)290-7790,,,,,,株式会社　フォーマザー,2015/4/1,15,0歳から2歳,月火水木金土,7:00,19:00,土曜日の開所時間は07：00から18：00休所日は日曜日及び祝日、12/29から1/3まで,無,,,,,,,,,,,,,,,
112038,k130000155,埼玉県川口市,第３フォーマミー保育園,ダイサンフォーマミーホイクエン,,認可私立保育所,112038,,埼玉県川口市東川口1-2-23,埼玉県,川口市東川口1-2-23,,,201,35.8768422,139.7430572,,,,,(048)290-7789,,(048)290-7790,,,,,,株式会社　フォーマザー,2015/4/1,15,0歳から2歳,月火水木金土,7:00,18:00,土曜日の開所時間は07：00から18：00休所日は日曜日及び祝日、12/29から1/3まで,無,,,,,,,,,,,,,,,
112038,k130000156,埼玉県川口市,第２フォーマミー保育園,ダイニフォーマミーホイクエン,,認可私立保育所,112038,,埼玉県川口市東川口4-18-20　,埼玉県,川口市東川口4-18-20　,,,1F,35.87943989,139.7439035,,,,,(048)290-7789,,(048)290-7790,,,,,,株式会社　フォーマザー,2015/4/1,9,0歳から2歳,月火水木金土,7:00,18:00,土曜日の開所時間は07：00から18：00休所日は日曜日及び祝日、12/29から1/3まで,無,,,,,,,,,,,,,,,
112038,k130000157,埼玉県川口市,保育ルームFelice　東川口園,ホイクルームフェリーチェ　ヒガシカワグチエン,,認可私立保育所,112038,,埼玉県川口市戸塚2-7-1　,埼玉県,川口市戸塚2-7-1　,,,ｻﾆｰﾋﾙｽﾞ102,35.87296019,139.7453422,,,,,(048)298-7950,,(048)298-7950,,,,,,株式会社　アルコバレーノ,2015/4/1,17,0歳から2歳,月火水木金土,7:30,19:30,土曜日の開所時間は07：30から18：30休所日は日曜日及び祝日、12/29から1/3まで,無,,,,,,,,,,,,,,,
112038,k130000158,埼玉県川口市,ひよこ保育園,ヒヨコホイクエン,,認可私立保育所,112038,,埼玉県川口市安行出羽4-16-18,埼玉県,川口市安行出羽4-16-18,,,,35.85308106,139.7695962,,,,,(048)295-9962,,(048)295-9962,,,,,,株式会社　希望,2020/4/1,19,0歳から2歳,月火水木金土,7:00,18:30,土曜日の開所時間は07：00から18：00休所日は日曜日及び祝日、12/29から1/3まで,無,,,,,,,,,,,,,,,
112038,k130000159,埼玉県川口市,保育所ちびっこランド飯塚園,ホイクショチビッコランドイイヅカエン,,認可私立保育所,112038,,埼玉県川口市飯塚2-9-18,埼玉県,川口市飯塚2-9-18,,,,35.79844667,139.7124786,,,,,(048)291-9863,,(048)291-9863,,,,,,星　昌代,2016/4/1,16,1歳から2歳,月火水木金土,7:30,18:30,土曜日の開所時間は07：30から18：30休所日は日曜日及び祝日、12/29から1/3まで,無,,,,,,,,,,,,,,,
112038,k130000160,埼玉県川口市,桃の花ナーサリー南鳩ヶ谷ルーム,モモノハナナーサリーミナミハトガヤルーム,,認可私立保育所,112038,,埼玉県川口市南鳩ヶ谷4-17-16 ,埼玉県,川口市南鳩ヶ谷4-17-16 ,,,1F 401,35.81394302,139.7381963,,,,,(048)452-8776,,(048)452-8776,,,,,,ジパングビジネスコーポレーション　株式会社,2016/4/1,15,0歳から2歳,月火水木金土,7:30,19:00,土曜日の開所時間は07：30から19：00休所日は日曜日及び祝日、12/29から1/3まで,無,,,,,,,,,,,,,,,
112038,k130000161,埼玉県川口市,たいよう保育園西川口駅西口園,タイヨウホイクエンニシカワグチエキニシグチエン,,認可私立保育所,112038,,埼玉県川口市西川口2-10-8,埼玉県,川口市西川口2-10-8,,,2F,35.81348621,139.7008568,,,,,(048)229-4480,,(048)229-4480,,,,,,株式会社　サングリット,2021/4/1,19,0歳から2歳,月火水木金土,8:00,19:00,土曜日の開所時間は08：00から19：00休所日は日曜日及び祝日、12/29から1/3まで,無,,,,,,,,,,,,,,,
112038,k130000162,埼玉県川口市,びぃ～んずくらぶNeo,ビィ～ンズクラブネオ,,認可私立保育所,112038,,埼玉県川口市前川1-9-21,埼玉県,川口市前川1-9-21,,,,35.83426749,139.709788,,,,,(048)266-3588,,(048)266-3588,,,,,,株式会社　びぃｰんず,2016/4/1,15,0歳から2歳,月火水木金土,7:30,18:30,土曜日の開所時間は07：30から18：30休所日は日曜日及び祝日、12/29から1/3まで,無,,,,,,,,,,,,,,,
112038,k130000163,埼玉県川口市,Ｍｅｒｒｙびぃ～んず保育園,メリービィ～ンズホイクエン,,認可私立保育所,112038,,埼玉県川口市前川1-14-4,埼玉県,川口市前川1-14-4,,,,35.83340265,139.7100563,,,,,(048)261-3026,,(048)261-3026,,,,,,株式会社　びぃｰんず,2017/4/1,12,0歳から2歳,月火水木金土,7:30,18:30,土曜日の開所時間は07：30から18：30休所日は日曜日及び祝日、12/29から1/3まで,無,,,,,,,,,,,,,,,
112038,k130000164,埼玉県川口市,たいよう保育園上青木西園,タイヨウホイクエンカミアオキニシエン,,認可私立保育所,112038,,埼玉県川口市上青木西4-18-6,埼玉県,川口市上青木西4-18-6,,,,35.83216437,139.7127308,,,,,(048)269-0105,,(048)269-0106,,,,,,株式会社　サングリット,2021/4/1,19,0歳から2歳,月火水木金土,7:30,19:30,土曜日の開所時間は07：30から18：30休所日は日曜日及び祝日、12/29から1/3まで,無,,,,,,,,,,,,,,,
112038,k130000165,埼玉県川口市,保育ルームFelice　鳩ヶ谷園,ホイクルームフェリーチェ　ハトガヤエン,,認可私立保育所,112038,,埼玉県川口市里1827-5　,埼玉県,川口市里1827-5　,,,メゾンパラビア１Ｆ,35.83164947,139.7348523,,,,,(048)285-3969,,(048)285-3969,,,,,,株式会社　アルコバレーノ,2017/4/1,19,0歳から2歳,月火水木金土,7:30,19:30,土曜日の開所時間は07：30から18：30休所日は日曜日及び祝日、12/29から1/3まで,無,,,,,,,,,,,,,,,
112038,k130000166,埼玉県川口市,桃の花ナーサリー第２南鳩ヶ谷ルーム,モモノハナナーサリーダイニミナミハトガヤルーム,,認可私立保育所,112038,,埼玉県川口市南鳩ヶ谷4-17-16,埼玉県,川口市南鳩ヶ谷4-17-16,,,301,35.81389516,139.7382979,,,,,(048)452-8730,,(048)452-8730,,,,,,ジパングビジネスコーポレーション　株式会社,2017/4/1,15,0歳から2歳,月火水木金土,7:30,19:00,土曜日の開所時間は07：30から19：00休所日は日曜日及び祝日、12/29から1/3まで,無,,,,,,,,,,,,,,,
112038,k130000167,埼玉県川口市,ひだまりの園,ヒダマリノエン,,認可私立保育所,112038,,埼玉県川口市東領家2-34-3,埼玉県,川口市東領家2-34-3,,,ディアコート川口１Ｆ,35.79905808,139.7539411,,,,,(048)446-7402,,(048)446-7403,,,,,,合同会社　サニープレイス,2017/4/1,16,0歳から2歳,月火水木金土,7:00,18:00,土曜日の開所時間は07：00から18：00休所日は日曜日及び祝日、12/29から1/3まで,無,,,,,,,,,,,,,,,
112038,k130000168,埼玉県川口市,うさぎ第2保育園,ウサギダイニホイクエン,,認可私立保育所,112038,,埼玉県川口市東川口5-3-18,埼玉県,川口市東川口5-3-18,,,,35.88051629,139.7499639,,,,,(048)452-8095,,(048)452-8096,,,,,,有限会社　D&B,2018/4/1,19,0歳から2歳,月火水木金土,7:00,18:00,土曜日の開所時間は07：00から18：00休所日は日曜日及び祝日、12/29から1/3まで,無,,,,,,,,,,,,,,,
112038,k130000169,埼玉県川口市,保育園キッズハウス川口園第２保育室,ホイクエンキッズハウスカワグチエンダイニホイクシツ,,認可私立保育所,112038,,埼玉県川口市川口1-5-14　,埼玉県,川口市川口1-5-14　,,,ｽｶｲﾌﾛﾝﾄﾀﾜｰ川口2F,35.79607095,139.7199278,,,,,(048)229-0048,,(048)229-0048,,,,,,キッズハウス・サポート・サービス　株式会社,2018/4/1,19,0歳から2歳,月火水木金土,7:30,19:00,土曜日の開所時間は07：00から18：00休所日は日曜日及び祝日、12/29から1/3まで,無,,,,,,,,,,,,,,,
112038,k130000170,埼玉県川口市,さくら保育園　西立野園,サクラホイクエン　ニシタテノエン,,認可私立保育所,112038,,埼玉県川口市西立野555-1,埼玉県,川口市西立野555-1,,,ルシエルブルー,35.85905679,139.7517523,,,,,(048)242-3616,,(048)242-3616,,,,,,株式会社　東立,2018/4/1,19,0歳から2歳,月火水木金土,7:30,19:00,土曜日の開所時間は07：30から18：30休所日は日曜日及び祝日、12/29から1/3まで,無,,,,,,,,,,,,,,,
112038,k130000171,埼玉県川口市,さくら保育園　戸塚園,サクラホイクエン　トツカエン,,認可私立保育所,112038,,埼玉県川口市戸塚3-29-5,埼玉県,川口市戸塚3-29-5,,,東川口ガーデンプラザ８番館,35.87018628,139.7493223,,,,,(048)287-3917,,(048)287-3917,,,,,,株式会社　東立,2018/4/1,19,0歳から2歳,月火水木金土,7:30,19:00,土曜日の開所時間は07：30から18：30休所日は日曜日及び祝日、12/29から1/3まで,無,,,,,,,,,,,,,,,
112038,k130000172,埼玉県川口市,保育ルーム　スター☆キッズ,ホイクルーム　スターキッズ,,認可私立保育所,112038,,埼玉県川口市長蔵1-17-2　,埼玉県,川口市長蔵1-17-2　,,,A-1号室,35.85898824,139.7544398,,,,,(048)291-5035,,(048)291-5035,,,,,,光建装　有限会社,2018/4/1,16,0歳から2歳,月火水木金土,7:30,19:00,土曜日の開所時間は07：30から19：00休所日は日曜日及び祝日、12/29から1/3まで,無,,,,,,,,,,,,,,,
112038,k130000173,埼玉県川口市,エンゼル保育園　川口駅前園,エンゼルホイクエン　カワグチエキマエエン,,認可私立保育所,112038,,埼玉県川口市飯塚1-9-18,埼玉県,川口市飯塚1-9-18,,,,35.79820666,139.7139144,,,,,(048)446-6821,,(048)446-6821,,,,,,株式会社　エンゼル保育園,2021/4/1,19,0歳から2歳,月火水木金土,7:00,19:00,土曜日の開所時間は07：00から18：00休所日は日曜日及び祝日、12/29から1/3まで,無,,,,,,,,,,,,,,,
112038,k130000174,埼玉県川口市,保育所キッズアイランド川口市役所前園,ホイクショキッズアイランドカワグチシヤクショマエエン,,認可私立保育所,112038,,埼玉県川口市幸町1-4-19,埼玉県,川口市幸町1-4-19,,,ソフィア川口幸町1F,35.80650654,139.721962,,,,,(048)251-4119,,(048)251-4119,,,,,,株式会社　Kids Island,2019/4/1,16,0歳から1歳,月火水木金土,7:30,19:00,土曜日の開所時間は07：30から18：30休所日は日曜日及び祝日、12/29から1/3まで,無,,,,,,,,,,,,,,,
112038,k130000175,埼玉県川口市,タムスわんぱく保育園川口,タムスワンパクホイクエンカワグチ,,認可私立保育所,112038,,埼玉県川口市大字神戸258-1,埼玉県,川口市大字神戸258-1,,,,35.852728,139.724695,,,,,(048)229-3302,,(048)229-3314,,,,,,医療法人社団　桐和会,2019/4/1,45,0歳から2歳,月火水木金土,7:30,19:00,土曜日の開所時間は07：30から18：30休所日は日曜日及び祝日、12/29から1/3まで,無,,,,,,,,,,,,,,,
112038,k130000176,埼玉県川口市,舟戸幼稚園,フナトヨウチエン,,公立幼稚園,112038,,埼玉県川口市舟戸町2-2,埼玉県,川口市舟戸町2-2,,,,35.793665,139.723701,,,,,(048)222-6188,,(048)222-6202,,,,,,川口市,,140,4歳から5歳,月火水木金,9:00,14:00,月曜日の開園時間は11：30から14：00休園日は土曜日、日曜日、春季・夏季・冬季・学年末休業日、開園記念日（６月３日）、県民の日（１１月１４日）,無,,,,,,,,,,,,,,,
112038,k130000177,埼玉県川口市,南平幼稚園,ナンペイヨウチエン,,公立幼稚園,112038,,埼玉県川口市東領家1丁目16-19,埼玉県,川口市東領家1丁目16-19,,,,35.798411,139.748533,,,,,(048)224-7890,,(048)224-7150,,,,,,川口市,,140,4歳から5歳,月火水木金,9:00,14:00,月曜日の開園時間は11：30から14：00休園日は土曜日、日曜日、春季・夏季・冬季・学年末休業日、開園記念日（７月４日）、県民の日（１１月１４日）,無,,,,,,,,,,,,,,,
112038,k130000178,埼玉県川口市,川口南幼稚園,カワグチミナミヨウチエン,,私立幼稚園,112038,,埼玉県川口市川口6-1-41,埼玉県,川口市川口6-1-41,,,,35.80316015,139.7118295,,,,,(048)252-6460,,(048)255-4859,,,,,,新井　久美,,315,,月火水木金,7:50,18:00,,有,,,,,,,,,,,,,,,
112038,k130000179,埼玉県川口市,川口文化幼稚園,カワグチブンカヨウチエン,,私立幼稚園,112038,,埼玉県川口市幸町3-5-33,埼玉県,川口市幸町3-5-33,,,,35.80650627,139.71569,,,,,(048)253-0333,,(048)257-4482,,,,,,学校法人 文化学園,,200,,月火水木金土,8:00,18:00,土曜日の開園時間は08：00から13：00,有,,,,,,,,,,,,,,,
112038,k130000180,埼玉県川口市,松葉幼稚園,マツバヨウチエン,,私立幼稚園,112038,,埼玉県川口市領家2-14-11,埼玉県,川口市領家2-14-11,,,,35.79494361,139.7423577,,,,,(048)222-3245,,(048)222-3919,,,,,,学校法人 松葉学園,,385,,月火水木金,8:00,17:00,,有,,,,,,,,,,,,,,,
112038,k130000181,埼玉県川口市,西川口幼稚園,ニシカワグチヨウチエン,,私立幼稚園,112038,,埼玉県川口市西川口3-34-5,埼玉県,川口市西川口3-34-5,,,,35.81070282,139.7029598,,,,,(048)251-3076,,(048)254-1373,,,,,,学校法人 安養学園,,280,,月火水木金,7:45,18:00,,有,,,,,,,,,,,,,,,
112038,k130000182,埼玉県川口市,小鳩幼稚園,コバトヨウチエン,,私立幼稚園,112038,,埼玉県川口市東本郷1185,埼玉県,川口市東本郷1185,,,,35.8270838,139.7623937,,,,,(048)281-0329,,(048)281-0329,,,,,,学校法人 木浦学園,,280,,月火水木金,8:15,17:00,,有,,,,,,,,,,,,,,,
112038,k130000183,埼玉県川口市,清月幼稚園,セイゲツヨウチエン,,私立幼稚園,112038,,埼玉県川口市芝5222,埼玉県,川口市芝5222,,,,35.83773816,139.6928899,,,,,(048)266-4760,,(048)266-1211,,,,,,学校法人 清月学園,,70,,月火水木金,8:40,17:00,,有,,,,,,,,,,,,,,,
112038,k130000184,埼玉県川口市,松原幼稚園,マツバラヨウチエン,,私立幼稚園,112038,,埼玉県川口市安行領根岸2143-1,埼玉県,川口市安行領根岸2143-1,,,,35.84357801,139.7219462,,,,,(048)281-1245,,(048)446-6400,,,,,,学校法人 小沢学園,,430,,月火水木金,7:30,19:00,,有,,,,,,,,,,,,,,,
112038,k130000185,埼玉県川口市,共生幼稚園,キョウセイヨウチエン,,私立幼稚園,112038,,埼玉県川口市飯塚2-9-4,埼玉県,川口市飯塚2-9-4,,,,35.79975742,139.7128628,,,,,(048)252-4101,,(048)252-4344,,,,,,学校法人 共生学園,,210,,月火水木金,8:00,17:00,,有,,,,,,,,,,,,,,,
112038,k130000186,埼玉県川口市,川口アソカ幼稚園,カワグチアソカヨウチエン,,私立幼稚園,112038,,埼玉県川口市青木4-20-13,埼玉県,川口市青木4-20-13,,,,35.81694483,139.7257978,,,,,(048)253-9489,,(048)253-8487,,,,,,学校法人 願生学園,,240,,月火水木金,8:30,18:30,,有,,,,,,,,,,,,,,,
112038,k130000187,埼玉県川口市,いずみ幼稚園,イズミヨウチエン,,私立幼稚園,112038,,埼玉県川口市芝西2-16-3,埼玉県,川口市芝西2-16-3,,,,35.8407619,139.6856154,,,,,(048)265-0106,,(048)265-0210,,,,,,学校法人 いずみ学園　,,320,,月火水木金,8:00,18:00,,有,,,,,,,,,,,,,,,
112038,k130000188,埼玉県川口市,ふじみ幼稚園,フジミヨウチエン,,私立幼稚園,112038,,埼玉県川口市本前川2-12-15,埼玉県,川口市本前川2-12-15,,,,35.84155355,139.7041415,,,,,(048)266-7823,,(048)265-4377,,,,,,学校法人 富士美学園,,385,,月火水木金,7:30,19:00,,有,,,,,,,,,,,,,,,
112038,k130000189,埼玉県川口市,翠ヶ丘幼稚園,ミドリガオカヨウチエン,,私立幼稚園,112038,,埼玉県川口市大字安行慈林880,埼玉県,川口市大字安行慈林880,,,,35.83811522,139.7490111,,,,,(048)284-4141,,(048)284-4143,,,,,,学校法人 翠ヶ丘学園,,360,,月火水木金,8:30,17:30,,有,,,,,,,,,,,,,,,
112038,k130000190,埼玉県川口市,青木錦生幼稚園,アオキキンセイヨウチエン,,私立幼稚園,112038,,埼玉県川口市中青木4-6-25,埼玉県,川口市中青木4-6-25,,,,35.81772984,139.716513,,,,,(048)255-1158,,(048)255-1881,,,,,,学校法人 飯田学園,,210,,月火水木金,9:00,17:00,,有,,,,,,,,,,,,,,,
112038,k130000191,埼玉県川口市,小桜幼稚園,コザクラヨウチエン,,私立幼稚園,112038,,埼玉県川口市石神1340,埼玉県,川口市石神1340,,,,35.85131245,139.7392395,,,,,(048)294-3366,,(048)294-3343,,,,,,学校法人 健眞学園,,200,,月火水木金,7:30,17:30,,有,,,,,,,,,,,,,,,
112038,k130000192,埼玉県川口市,北川口幼稚園,キタカワグチヨウチエン,,私立幼稚園,112038,,埼玉県川口市道合1221,埼玉県,川口市道合1221,,,,35.84930968,139.7215907,,,,,(048)281-2333,,(048)283-4055,,,,,,学校法人 大徳寺学園,,175,,月火水木金,8:00,18:00,,有,,,,,,,,,,,,,,,
112038,k130000193,埼玉県川口市,旭幼稚園,アサヒヨウチエン,,私立幼稚園,112038,,埼玉県川口市前野宿50,埼玉県,川口市前野宿50,,,,35.83382182,139.7591376,,,,,(048)281-5353,,(048)281-5336,,,,,,学校法人 南陵学園,,350,,月火水木金,8:15,17:30,,有,,,,,,,,,,,,,,,
112038,k130000195,埼玉県川口市,西光院マヤ幼稚園,サイコウインマヤヨウチエン,,私立幼稚園,112038,,埼玉県川口市戸塚2-6-29,埼玉県,川口市戸塚2-6-29,,,,35.87147192,139.7464141,,,,,(048)295-0136,,(048)295-1795,,,,,,宗教法人　西光院,,160,,月火水木金,8:30,14:00,,無,,,,,,,,,,,,,,,
112038,k130000196,埼玉県川口市,川口しらぎく幼稚園,カワグチシラギクヨウチエン,,私立幼稚園,112038,,埼玉県川口市芝西2-7-35,埼玉県,川口市芝西2-7-35,,,,35.84074182,139.6877399,,,,,(048)267-2901,,(048)262-3330,,,,,,学校法人 嶋根学園,,320,,月火水木金,7:30,18:30,,有,,,,,,,,,,,,,,,
112038,k130000197,埼玉県川口市,芝みずほ幼稚園,シバミズホヨウチエン,,私立幼稚園,112038,,埼玉県川口市大字小谷場199-1,埼玉県,川口市大字小谷場199-1,,,,35.84150771,139.6808124,,,,,(048)265-0233,,(048)265-0233,,,,,,学校法人 今泉学園,,360,,月火水木金,8:00,18:00,,有,,,,,,,,,,,,,,,
112038,k130000198,埼玉県川口市,きぞろ幼稚園,キゾロヨウチエン,,私立幼稚園,112038,,埼玉県川口市木曽呂838,埼玉県,川口市木曽呂838,,,,35.8609079,139.7237727,,,,,(048)295-1016,,(048)295-1015,,,,,,学校法人 神根学園,,220,,月火水木金,8:00,19:00,,有,,,,,,,,,,,,,,,
112038,k130000199,埼玉県川口市,安行東光幼稚園,アンギョウトウコウヨウチエン,,私立幼稚園,112038,,埼玉県川口市安行原1625,埼玉県,川口市安行原1625,,,,35.83733725,139.7709831,,,,,(048)296-1225,,(048)296-2127,,,,,,学校法人 東光学園,,350,,月火水木金,8:30,18:00,,有,,,,,,,,,,,,,,,
112038,k130000200,埼玉県川口市,川口あけぼの幼稚園,カワグチアケボノヨウチエン,,私立幼稚園,112038,,埼玉県川口市元郷5-25-10,埼玉県,川口市元郷5-25-10,,,,35.79790662,139.7406548,,,,,(048)222-5242,,(048)222-7766,,,,,,学校法人 平柳学園,,210,,月火水木金,8:00,18:00,,有,,,,,,,,,,,,,,,
112038,k130000201,埼玉県川口市,川口くるみ幼稚園,カワグチクルミヨウチエン,,私立幼稚園,112038,,埼玉県川口市末広3-9-19,埼玉県,川口市末広3-9-19,,,,35.80502253,139.7426575,,,,,(048)222-3642,,(048)222-0026,,,,,,学校法人 吉祥学園,,175,,月火水木金,8:00,17:00,,有,,,,,,,,,,,,,,,
112038,k130000203,埼玉県川口市,川口さかえ幼稚園,カワグチサカエヨウチエン,,私立幼稚園,112038,,埼玉県川口市芝下3-21-31,埼玉県,川口市芝下3-21-31,,,,35.8394517,139.7018176,,,,,(048)265-7157,,(048)266-9320,,,,,,学校法人 若芝学園,,320,,月火水木金,7:30,19:00,,有,,,,,,,,,,,,,,,
112038,k130000204,埼玉県川口市,赤芝幼稚園,アカシバヨウチエン,,私立幼稚園,112038,,埼玉県川口市赤芝新田540-1,埼玉県,川口市赤芝新田540-1,,,,35.85078206,139.7503994,,,,,(048)295-1802,,(048)295-3300,,,,,,学校法人 船津学園,,175,,月火水木金,8:00,14:10,,無,,,,,,,,,,,,,,,
112038,k130000205,埼玉県川口市,ひのつめ幼稚園,ヒノツメヨウチエン,,私立幼稚園,112038,,埼玉県川口市芝樋ノ爪2-8-25,埼玉県,川口市芝樋ノ爪2-8-25,,,,35.83323594,139.686988,,,,,(048)265-5354,,(048)269-1865,,,,,,学校法人 本多学園,,280,,月火水木金,7:30,18:30,,有,,,,,,,,,,,,,,,
112038,k130000206,埼玉県川口市,しば幼稚園,シバヨウチエン,,私立幼稚園,112038,,埼玉県川口市芝下1-2-26,埼玉県,川口市芝下1-2-26,,,,35.83583651,139.7015039,,,,,(048)265-7156,,(048)265-7179,,,,,,学校法人 川口学園,,315,,月火水木金,7:30,18:30,,有,,,,,,,,,,,,,,,
112038,k130000207,埼玉県川口市,川口幼稚園,カワグチヨウチエン,,私立幼稚園,112038,,埼玉県川口市木曽呂1425,埼玉県,川口市木曽呂1425,,,,35.85660042,139.7144731,,,,,(048)295-1195,,(048)296-5271,,,,,,学校法人 峯徳学園,,480,,月火水木金,7:30,19:00,,有,,,,,,,,,,,,,,,
112038,k130000208,埼玉県川口市,東川口幼稚園,ヒガシカワグチヨウチエン,,私立幼稚園,112038,,埼玉県川口市戸塚東3-8-25,埼玉県,川口市戸塚東3-8-25,,,,35.8672654,139.7547981,,,,,(048)296-0280,,(048)296-5271,,,,,,学校法人 峯徳学園,,280,,月火水木金,7:30,19:00,,有,,,,,,,,,,,,,,,
112038,k130000209,埼玉県川口市,新郷松原幼稚園,シンゴウマツバラヨウチエン,,私立幼稚園,112038,,埼玉県川口市東本郷709-3,埼玉県,川口市東本郷709-3,,,,35.82450985,139.7655856,,,,,(048)284-5675,,(048)446-6400,,,,,,学校法人 小沢学園,,240,,月火水木金,7:30,19:00,,有,,,,,,,,,,,,,,,
112038,k130000210,埼玉県川口市,芝園幼稚園,シバゾノヨウチエン,,私立幼稚園,112038,,埼玉県川口市芝園町3-16-1,埼玉県,川口市芝園町3-16-1,,,,35.83144866,139.6860374,,,,,(048)269-2221,,(048)269-2621,,,,,,学校法人 川口石川学園,,210,,月火水木金,7:30,19:00,,有,,,,,,,,,,,,,,,
112038,k130000211,埼玉県川口市,安行幼稚園,アンギョウヨウチエン,,私立幼稚園,112038,,埼玉県川口市大字安行領家1193,埼玉県,川口市大字安行領家1193,,,,35.84957955,139.7610219,,,,,(048)296-7747,,(048)294-8833,,,,,,学校法人 安行学園,,210,,月火水木金,8:30,17:30,,有,,,,,,,,,,,,,,,
112038,k130000212,埼玉県川口市,認定こども園新郷南幼稚園,ニンテイコドモエンシンゴウミナミヨウチエン,,認定こども園（幼保連携型）,112038,,埼玉県川口市本蓮3-2-15,埼玉県,川口市本蓮3-2-15,,,,35.81513689,139.760113,,,,,(048)282-3434,,(048)287-0191,,,,,,学校法人 平林学園,,210,,月火水木金土,7:00,18:00,土曜日の開園時間は07：00から18：00,有,,,,,,,,,,,,,,,
112038,k130000213,埼玉県川口市,ゆりかご幼稚園,ユリカゴヨウチエン,,私立幼稚園,112038,,埼玉県川口市坂下町3-17-20,埼玉県,川口市坂下町3-17-20,,,,35.8282962,139.7442393,,,,,(048)281-3607,,(048)281-3602,,,,,,学校法人 門平学園,,200,,月火水木金,8:30,17:00,,有,,,,,,,,,,,,,,,
112038,k130000214,埼玉県川口市,たちばな幼稚園,タチバナヨウチエン,,私立幼稚園,112038,,埼玉県川口市辻705,埼玉県,川口市辻705,,,,35.82535863,139.7295858,,,,,(048)283-2225,,(048)281-8184,,,,,,学校法人 常住寺学園,,200,,月火水木金,7:45,17:30,,有,,,,,,,,,,,,,,,
112038,k130000216,埼玉県川口市,みつわ幼稚園,ミツワヨウチエン,,私立幼稚園,112038,,埼玉県川口市八幡木1-16-11,埼玉県,川口市八幡木1-16-11,,,,35.82003137,139.7470684,,,,,(048)281-3062,,(048)281-3170,,,,,,学校法人 光和学園,,360,,月火水木金,7:45,18:00,,有,,,,,,,,,,,,,,,
112038,k130000217,埼玉県川口市,やはぎ幼稚園,ヤハギヨウチエン,,私立幼稚園,112038,,埼玉県川口市南鳩ヶ谷3-9-1,埼玉県,川口市南鳩ヶ谷3-9-1,,,,35.81777901,139.7385766,,,,,(048)284-0162,,(048)284-0173,,,,,,学校法人 やはぎ学園,,240,,月火水木金,7:30,19:00,,有,,,,,,,,,,,,,,,
112038,k130000218,埼玉県川口市,さと幼稚園,サトヨウチエン,,私立幼稚園,112038,,埼玉県川口市里1155-5,埼玉県,川口市里1155-5,,,,35.83249795,139.7298855,,,,,(048)284-6010,,(048)286-3720,,,,,,学校法人 鳩ヶ谷学園,,315,,月火水木金,8:10,18:00,,有,,,,,,,,,,,,,,,
112038,k130000219,埼玉県川口市,アルタキッズ鳩ケ谷園,アルタキッズハトガヤエン,,認可私立保育所,112038,,埼玉県川口市大字里365-2,埼玉県,川口市大字里365-2,,,,35.83592464,139.7278898,,,,,(048)229-0777,,(048)229-0777,,,,,,株式会社アルタナーサリー,2020/4/1,60,0歳から5歳,月火水木金土,7:00,19:00,土曜日の開所時間は07：00から18：00休所日は日曜日及び祝日、12/29から1/3まで,無,,,,,,,,,,,,,,,
112038,k130000220,埼玉県川口市,みずほ保育園川口里,ミズホホイクエンカワグチサト,,認可私立保育所,112038,,埼玉県川口市大字里511-1,埼玉県,川口市大字里511-1,,,,35.83459839,139.7309597,,,,,(048)288-3240,,(048)288-3241,,,,,,社会福祉法人みずほ育伸会,2020/4/1,90,0歳から5歳,月火水木金土,7:00,19:00,土曜日の開所時間は07：00から18：00休所日は日曜日及び祝日、12/29から1/3まで,無,,,,,,,,,,,,,,,
112038,k130000221,埼玉県川口市,川口安行まりーな保育園,カワグチアンギョウマリーナホイクエン,,認可私立保育所,112038,,埼玉県川口市安行出羽1-12-10,埼玉県,川口市安行出羽1-12-10,,,,35.85212764,139.76166,,,,,(048)290-0005,,(048)290-0006,,,,,,社会福祉法人碧凪会,2020/4/1,80,0歳から5歳,月火水木金土,7:00,19:00,土曜日の開所時間は07：00から18：00休所日は日曜日及び祝日、12/29から1/3まで,無,,,,,,,,,,,,,,,
112038,k130000222,埼玉県川口市,いろは園,イロハエン,,認可私立保育所,112038,,埼玉県川口市幸町3-10-16,埼玉県,川口市幸町3-10-16,,,1F,35.83086833,139.6906089,,,,,(048)242-5416,,(048)242-5417,,,,,,特定非営利活動法人　MTS,2020/4/1,48,0歳から5歳,月火水木金土,7:00,19:00,土曜日の開所時間は07：00から18：00休所日は日曜日及び祝日、12/29から1/3まで,無,,,,,,,,,,,,,,,
112038,k130000223,埼玉県川口市,Gakkenほいくえん　川口芝,ガッケンホイクエンカワグチシバ,,認可私立保育所,112038,,埼玉県川口市芝樋ノ爪1-7−48,埼玉県,川口市芝樋ノ爪1-7−48,,,,35.83086833,139.6906089,,,,,(048)266-7060,,(048)266-7061,,,,,,株式会社学研ココファン・ナーサリー,2020/4/1,70,0歳から5歳,月火水木金土,7:30,20:30,土曜日の開所時間は07：30から18：30休所日は日曜日及び祝日、12/29から1/3まで,無,,,,,,,,,,,,,,,
112038,k130000224,埼玉県川口市,鳩ヶ谷キッズランド,ハトガヤキッズランド,,認可私立保育所,112038,,埼玉県川口市坂下町1-14-17,埼玉県,川口市坂下町1-14-17,,,,35.82994936,139.7368844,,,,,(048)286-0116,,(048)299-7116,,,,,,社会福祉法人陽彩こころの会,2020/4/1,90,1歳から5歳,月火水木金土,7:00,19:00,土曜日の開所時間は07：00から18：00休所日は日曜日及び祝日、12/29から1/3まで,無,,,,,,,,,,,,,,,
112038,k130000225,埼玉県川口市,プリスクレール・ディゾ・アンジェ安行藤八,プリスクレール・ディゾ・アンジェアンギョウトウハチ,,認可私立保育所,112038,,埼玉県川口市安行189,埼玉県,川口市安行189,,,,35.85399344,139.761055,,,,,(048)229-2966,,(048)229-2977,,,,,,有限会社パレット,2020/4/1,90,0歳から5歳,月火水木金土,7:00,19:00,土曜日の開所時間は07：00から18：00休所日は日曜日及び祝日、12/29から1/3まで,無,,,,,,,,,,,,,,,
112038,k130000226,埼玉県川口市,KIDS　ONE 川口,キッズワンカワグチ,,認可私立保育所,112038,,埼玉県川口市飯塚1-3-6,埼玉県,川口市飯塚1-3-6,,,,35.79974267,139.716027,,,,,(048)254-0555,,(048)242-3701,,,,,,株式会社豊翔堂,2020/4/1,29,0歳から5歳,月火水木金土,7:30,19:00,土曜日の開所時間は08：30から17：30休所日は日曜日及び祝日、12/29から1/3まで,無,,,,,,,,,,,,,,,
112038,k130000227,埼玉県川口市,Happiness川口保育園,ハピネスカワグチホイクエン,,認可私立保育所,112038,,埼玉県川口市西川口1-41-21,埼玉県,川口市西川口1-41-21,,,,35.81571183,139.7007998,,,,,(048)255-3010,,(048)229-2650,,,,,,株式会社　Happiness,2020/4/1,19,0歳から2歳,月火水木金土,7:00,19:00,土曜日の開所時間は07：00から18：00休所日は日曜日及び祝日、12/29から1/3まで,無,,,,,,,,,,,,,,,
112038,k130000228,埼玉県川口市,ふるーる保育園川口二十三夜,フルールホイクエンカワグチニジュウサンヤ,,認可私立保育所,112038,,埼玉県川口市芝7238,埼玉県,川口市芝7238,,,,35.84817592,139.6877885,,,,,(048)487-7667,,(048)487-7668,,,,,,株式会社　アヴェニエール,2020/4/1,16,0歳から2歳,月火水木金土,7:30,19:00,土曜日の開所時間は07：30から18：30休所日は日曜日及び祝日、12/29から1/3まで,無,,,,,,,,,,,,,,,
112038,k130000229,埼玉県川口市,川口ふたばこども園,カワグチフタバコドモエン,,認定こども園（幼保連携型）,112038,,埼玉県川口市柳根町2-11,埼玉県,川口市柳根町2-11,,,,35.84983261,139.7046697,,,,,(048)266-9439,,(048)266-9489,,,,,,学校法人　清新義塾,2020/4/1,505,0歳から5歳,月火水木金土,7:00,19:00,"保育所の土曜日の開所時間は07：00から18：00休所日は日曜日及び祝日、12/29から1/3まで
幼稚園の土曜日の開園時間は08：30から18：00休所日は日曜日、祝日及び夏季・冬季・春季休園日並びにその他休園日",有,,,,,,,,,,,,,,,
112038,k130000230,埼玉県川口市,西青木クマさん保育所,ニシアオキクマサンホイクショ,,認可私立保育所,112038,,埼玉県川口市西青木3-3-3,埼玉県,川口市西青木3-3-3,,,,35.81844878,139.7097545,,,,,(048)271-5815,,(048)271-5816,,,,,,社会福祉法人優愛会,2021/4/1,90,0歳から5歳,月火水木金土,7:00,19:00,土曜日の開所時間は07：00から18：00休所日は日曜日及び祝日、12/29から1/3まで,無,,,,,,,,,,,,,,,
112038,k130000231,埼玉県川口市,ひふみ保育園,ヒフミホイクエン,,認可私立保育所,112038,,埼玉県川口市本町3-9-21,埼玉県,川口市本町3-9-21,,,,35.80142318,139.7226499,,,,,(048)280-6123,,(048)280-6125,,,,,,社会福祉法人ひふみ会,2021/4/1,60,0歳から2歳,月火水木金土,7:00,19:00,土曜日の開所時間は07：00から16：00休所日は日曜日及び祝日、12/29から1/3まで,無,,,,,,,,,,,,,,,
112038,k130000232,埼玉県川口市,ドルフィン・キッズ保育園川口,ドルフィンキッズホイクエンカワグチ,,認可私立保育所,112038,,埼玉県川口市青木5-10-12,埼玉県,川口市青木5-10-12,,,,35.82104168,139.7224407,,,,,(048)271-5772,,(048)271-5773,,,,,,社会福祉法人ドルフィン福祉会,2021/4/1,60,1歳から5歳,月火水木金土,7:00,19:00,土曜日の開所時間は07：00から19：00休所日は日曜日及び祝日、12/29から1/3まで,無,,,,,,,,,,,,,,,
112038,k130000233,埼玉県川口市,東かわぐちポポロ保育園,ヒガシカワグチポポロホイクエン,,認可私立保育所,112038,,埼玉県川口市戸塚東1-1-15,埼玉県,川口市戸塚東1-1-15,,,,35.87552168,139.7487649,,,,,(048)291-0355,,(048)291-0356,,,,,,社会福祉法人純清会,2021/4/1,60,0歳から5歳,月火水木金土,7:00,19:00,土曜日の開所時間は07：00から18：00休所日は日曜日及び祝日、12/29から1/3まで,無,,,,,,,,,,,,,,,
112038,k130000234,埼玉県川口市,たいよう保育園川口本町園,タイヨウホイクエンカワグチホンチョウエン,,認可私立保育所,112038,,埼玉県川口市本町4-8-3,埼玉県,川口市本町4-8-3,,,,35.79972509,139.7197585,,,,,(048)225-4152,,(048)225-4151,,,,,,株式会社　サングリット,2021/4/1,50,0歳から5歳,月火水木金土,7:00,19:00,土曜日の開所時間は07：00から16：00休所日は日曜日及び祝日、12/29から1/3まで,無,,,,,,,,,,,,,,,
112038,k130000235,埼玉県川口市,ミラッツ川口保育園,ミラッツカワグチホイクエン,,認可私立保育所,112038,,埼玉県川口市川口6-3-14,埼玉県,川口市川口6-3-14,,,,35.80367458,139.7111522,,,,,(048)299-7107,,(048)299-7151,,,,,,株式会社MIRATZ,2022/4/1,94,0歳から5歳,月火水木金土,7:00,19:00,土曜日の開所時間は07：00から18：00休所日は日曜日及び祝日、12/29から1/3まで,無,,,,,,,,,,,,,,,
112038,k130000236,埼玉県川口市,なぎさ川口宮町保育園,ナギサカワグチミヤチョウホイクエン,,認可私立保育所,112038,,埼玉県川口市宮町8-10,埼玉県,川口市宮町8-10,,,,35.80447638,139.7011954,,,,,(048)229-0500,,(048)229-0090,,,,,,社会福祉法人 博愛会,2022/4/1,90,0歳から5歳,月火水木金土,7:00,19:00,土曜日の開所時間は07：00から18：00休所日は日曜日及び祝日、12/29から1/3まで,無,,,,,,,,,,,,,,,
112038,k130000237,埼玉県川口市,汽車ぽっぽ保育園きぞろ,キシャポッポホイクエンキゾロ,,認可私立保育所,112038,,埼玉県川口市木曽呂551番地の1,埼玉県,川口市木曽呂551番地の1,,,,,,,,,,(048)229-4977,,(048)229-4978,,,,,,社会福祉法人けやき福祉会,2022/4/1,90,0歳から5歳,月火水木金土,7:00,19:00,土曜日の開所時間は07：00から18：00休所日は日曜日及び祝日、12/29から1/3まで,無,,,,,,,,,,,,,,,
112038,k130000238,埼玉県川口市,埼玉ヤクルト保育園　とづかもぐもぐ保育ルーム,サイタマヤクルトホイクエントヅカモグモグホイクルーム,,認可私立保育所,112038,,埼玉県川口市東川口2-6-18,埼玉県,川口市東川口2-6-18,,,,35.87644548,139.7474404,,,,,(048)271-9880,,(048)271-9880,,,,,,埼玉ヤクルト販売株式会社,2022/4/1,17,0歳から2歳,月火水木金土,7:30,19:00,土曜日の開所時間は07：30から18：30休所日は日曜日及び祝日、12/29から1/3まで,無,,,,,,,,,,,,,,,
112038,k130000239,埼玉県川口市,あーす保育園イオンモール川口,アースホイクエンイオンモールカワグチ,,認可私立保育所,112038,,埼玉県川口市安行領根岸3180,埼玉県,川口市安行領根岸3180,,,イオンモール川口1F,35.83323976,139.7066948,,,,,(048)287-9709,,(048)287-9739,,,,,,株式会社　アピカル,2022/4/1,19,0歳から2歳,月火水木金土,7:00,19:00,土曜日の開所時間は07：00から19：00休所日は日曜日及び祝日、12/29から1/3まで,無,,,,,,,,,,,,,,,
112038,k130000240,埼玉県川口市,みのりこども園,ミノリコドモエン,,認定こども園（幼保連携型）,112038,,埼玉県川口市鳩ヶ谷本町4-8-28,埼玉県,川口市鳩ヶ谷本町4-8-28,,,,35.83193038,139.7462266,,,,,(048)281-3514,,(048)281-3028,,,,,,学校法人　松陰学園,2021/4/1,166,1歳から5歳,月火水木金土,7:00,19:00,"保育所の土曜日の開所時間は07：00から18：00休所日は日曜日及び祝日、12/29から1/3まで
幼稚園の休所日は土曜日、日曜日、祝日及び夏季・冬季・春季休園日並びにその他休園日",無,,,,,,,,,,,,,,,
112038,k130000241,埼玉県川口市,認定こども園清泉幼稚園,ニンテイコドモエンセイセンヨウチエン,,認定こども園（幼保連携型）,112038,,埼玉県川口市前川1-6-19,埼玉県,川口市前川1-6-19,,,,35.83539766,139.709552,,,,,(048)266-3491,,(048)267-4136,,,,,,学校法人　清徳学園,2022/4/1,354,0歳から5歳,月火水木金土,7:00,19:00,"保育所の土曜日の開所時間は07：00から18：00休所日は日曜日及び祝日、12/29から1/3まで
幼稚園の休所日は土曜日、日曜日、祝日及び夏季・冬季・春季休園日並びにその他休園日",無,,,,,,,,,,,,,,,
112038,k130000242,埼玉県川口市,学童保育　じゃんぷ　中青木店,ガクドウホイク　ジャンプ　ナカアオキテン,,放課後児童クラブ,112038,,埼玉県川口市中青木1-9-18,埼玉県,川口市中青木1-9-18,,,103,35.80769628,139.7235156,,,,,(048)253-5949,,,,,,,,特定非営利活動法人子ども支援ホーム,2015/4/1,53,小学校1年生から6年生,月火水木金土,,,開始時間については、小学校の授業日は放課後から20:00まで、小学校の授業の休業日(土曜日を除く)は7:30から20:00まで、土曜日は7:30から19:00まで。休室日は日曜日、祝日及び12/29から1/3まで。,,,,,,,,,,,,,,,,
112038,k130000243,埼玉県川口市,学童　まぁむ,ガクドウ　マァム,,放課後児童クラブ,112038,,埼玉県川口市飯塚1-2-16,埼玉県,川口市飯塚1-2-16,,,3階,35.79989145,139.7144881,,,,,(048)257-5666,,,,,,,,株式会社WITH,2015/4/1,70,小学校1年生から6年生,月火水木金,,,開始時間については、小学校の授業日は放課後から20:00まで、小学校の授業の休業日は7:30から20:00まで。休室日は土曜日、日曜日、祝日及び12/29から1/3まで。,,,,,,,,,,,,,,,,
112038,k130000244,埼玉県川口市,南平児童センター,ナンペイジドウセンター,,児童館,112038,,埼玉県川口市末広３－７－２１,埼玉県,川口市末広３－７－２１,,,,35.80594024,139.7436546,,,JR西川口駅からバス１５分。,,048-223-7441,,048-223-7441,,,,,,社会福祉法人川口市社会福祉事業団,1977/12/4,,18歳未満,月水木金土日,9:00,18:00,火曜・休日（5月5日こどもの日は開館し翌日休み）・年末年始（12/28～1/4）はお休み。,無,,,,,,,,,,,,https://www.city.kawaguchi.lg.jp/soshiki/01080/060/jidou_kodomo/34263.html,,, 
112038,k130000245,埼玉県川口市,芝児童センター,シバジドウセンター,,児童館,112038,,埼玉県川口市芝樋ノ爪１－１２－８,埼玉県,川口市芝樋ノ爪１－１２－８,,,,35.83344847,139.6891152,,,JR蕨駅から徒歩１０分。,,048-268-4308,,048-268-4309,,,,,,株式会社コマーム,1984/4/1,,18歳未満,月水木金土日,9:00,18:00,火曜・休日（5月5日こどもの日は開館し翌日休み）・年末年始（12/28～1/4）はお休み。,無,,,,,,,,,,,,https://www.city.kawaguchi.lg.jp/soshiki/01080/060/jidou_kodomo/34264.html,,, 
112038,k130000246,埼玉県川口市,戸塚児童センター,トヅカジドウセンター,,児童館,112038,,埼玉県川口市戸塚南４－１０－２,埼玉県,川口市戸塚南４－１０－２,,,,35.86498646,139.7450807,,,JR東川口駅から徒歩１５分。,駐車スペース３台・身障者用駐車場1台・駐輪スペース20台,048-294-7550,,048-294-7550,,,,,,株式会社コマーム,2005/4/1,,18歳未満,月水木金土日,9:00,18:00,火曜・休日（5月5日こどもの日は開館し翌日休み）・年末年始（12/28～1/4）はお休み。,無,,,,,,,,,,,,https://www.city.kawaguchi.lg.jp/soshiki/01080/060/jidou_kodomo/34262.html,,, 
112038,k130000247,埼玉県川口市,幸町小放課後児童クラブ,サイワイチョウショウホウカゴジドウクラブ,,放課後児童クラブ,112038,,埼玉県川口市幸町３－８－３３,埼玉県,川口市幸町３－８－３３,,,,35.805706,139.718384,,,,,048-259-7111,,048-259-7111,,,,,,川口市,,,６歳～１２歳（小学校１年生～６年生）,月火水木金土,,,"平日：放課後～18：30（延長利用：19：00）
土曜（学校休業日含む）：8：30～18：30（延長利用：19：00）
学校休業日等の平日：8：00～18：30（延長利用：19：00）
閉室日：日曜日、祝日、年末年始（12/29～1/3）",無,,,,,,,,,,,,,,,
112038,k130000248,埼玉県川口市,仲町小放課後児童クラブ,ナカチョウショウホウカゴジドウクラブ,,放課後児童クラブ,112038,,埼玉県川口市西川口５－６－１,埼玉県,川口市西川口５－６－１,,,,35.807125,139.703857,,,,,048-259-7112,,048-259-7112,,,,,,川口市,,,６歳～１２歳（小学校１年生～６年生）,月火水木金土,,,"平日：放課後～18：30（延長利用：19：00）
土曜（学校休業日含む）：8：30～18：30（延長利用：19：00）
学校休業日等の平日：8：00～18：30（延長利用：19：00）
閉室日：日曜日、祝日、年末年始（12/29～1/4）",無,,,,,,,,,,,,,,,
112038,k130000249,埼玉県川口市,上青木小放課後児童クラブ,カミアオキショウホウカゴジドウクラブ,,放課後児童クラブ,112038,,埼玉県川口市上青木西３－８－２５,埼玉県,川口市上青木西３－８－２５,,,,35.828999,139.717407,,,,,048-265-5283,,048-265-5283,,,,,,川口市,,,６歳～１２歳（小学校１年生～６年生）,月火水木金土,,,"平日：放課後～18：30（延長利用：19：00）
土曜（学校休業日含む）：8：30～18：30（延長利用：19：00）
学校休業日等の平日：8：00～18：30（延長利用：19：00）
閉室日：日曜日、祝日、年末年始（12/29～1/5）",無,,,,,,,,,,,,,,,
112038,k130000250,埼玉県川口市,元郷小放課後児童クラブ,モトゴウショウホウカゴジドウクラブ,,放課後児童クラブ,112038,,埼玉県川口市元郷６－２－１,埼玉県,川口市元郷６－２－１,,,,35.80035,139.74147,,,,,048-222-0520,,048-222-0520,,,,,,川口市,,,６歳～１２歳（小学校１年生～６年生）,月火水木金土,,,"平日：放課後～18：30（延長利用：19：00）
土曜（学校休業日含む）：8：30～18：30（延長利用：19：00）
学校休業日等の平日：8：00～18：30（延長利用：19：00）
閉室日：日曜日、祝日、年末年始（12/29～1/6）",無,,,,,,,,,,,,,,,
112038,k130000251,埼玉県川口市,神根小放課後児童クラブ,カミネショウホウカゴジドウクラブ,,放課後児童クラブ,112038,,埼玉県川口市大字道合１１１１,埼玉県,川口市大字道合１１１１,,,,35.846935,139.724518,,,,,048-281-3292,,048-281-3292,,,,,,川口市,,,６歳～１２歳（小学校１年生～６年生）,月火水木金土,,,"平日：放課後～18：30（延長利用：19：00）
土曜（学校休業日含む）：8：30～18：30（延長利用：19：00）
学校休業日等の平日：8：00～18：30（延長利用：19：00）
閉室日：日曜日、祝日、年末年始（12/29～1/7）",無,,,,,,,,,,,,,,,
112038,k130000252,埼玉県川口市,青木北小放課後児童クラブ,アオキキタショウホウカゴジドウクラブ,,放課後児童クラブ,112038,,埼玉県川口市西青木１－１－１,埼玉県,川口市西青木１－１－１,,,,35.813755,139.7155,,,,,048-259-7113,,048-259-7113,,,,,,川口市,,,６歳～１２歳（小学校１年生～６年生）,月火水木金土,,,"平日：放課後～18：30（延長利用：19：00）
土曜（学校休業日含む）：8：30～18：30（延長利用：19：00）
学校休業日等の平日：8：00～18：30（延長利用：19：00）
閉室日：日曜日、祝日、年末年始（12/29～1/8）",無,,,,,,,,,,,,,,,
112038,k130000253,埼玉県川口市,領家小放課後児童クラブ,リョウケショウホウカゴジドウクラブ,,放課後児童クラブ,112038,,埼玉県川口市領家３－１４－１,埼玉県,川口市領家３－１４－１,,,,35.791981,139.74791,,,,,048-222-4432,,048-222-4432,,,,,,川口市,,,６歳～１２歳（小学校１年生～６年生）,月火水木金土,,,"平日：放課後～18：30（延長利用：19：00）
土曜（学校休業日含む）：8：30～18：30（延長利用：19：00）
学校休業日等の平日：8：00～18：30（延長利用：19：00）
閉室日：日曜日、祝日、年末年始（12/29～1/9）",無,,,,,,,,,,,,,,,
112038,k130000254,埼玉県川口市,十二月田小放課後児童クラブ,シワスダショウホウカゴジドウクラブ,,放課後児童クラブ,112038,,埼玉県川口市朝日１－１１－１,埼玉県,川口市朝日１－１１－１,,,,35.806229,139.734222,,,,,048-222-4337,,048-222-4337,,,,,,川口市,,,６歳～１２歳（小学校１年生～６年生）,月火水木金土,,,"平日：放課後～18：30（延長利用：19：00）
土曜（学校休業日含む）：8：30～18：30（延長利用：19：00）
学校休業日等の平日：8：00～18：30（延長利用：19：00）
閉室日：日曜日、祝日、年末年始（12/29～1/10）",無,,,,,,,,,,,,,,,
112038,k130000255,埼玉県川口市,原町小放課後児童クラブ,ハラマチショウホウカゴジドウクラブ,,放課後児童クラブ,112038,,埼玉県川口市飯原町６－５０,埼玉県,川口市飯原町６－５０,,,,35.799881,139.704803,,,,,048-259-7114,,048-259-7114,,,,,,川口市,,,６歳～１２歳（小学校１年生～６年生）,月火水木金土,,,"平日：放課後～18：30（延長利用：19：00）
土曜（学校休業日含む）：8：30～18：30（延長利用：19：00）
学校休業日等の平日：8：00～18：30（延長利用：19：00）
閉室日：日曜日、祝日、年末年始（12/29～1/11）",無,,,,,,,,,,,,,,,
112038,k130000256,埼玉県川口市,前川小放課後児童クラブ,マエカワショウホウカゴジドウクラブ,,放課後児童クラブ,112038,,埼玉県川口市本前川２－１１－１,埼玉県,川口市本前川２－１１－１,,,,35.84196,139.705732,,,,,048-265-8445,,048-265-8445,,,,,,川口市,,,６歳～１２歳（小学校１年生～６年生）,月火水木金土,,,"平日：放課後～18：30（延長利用：19：00）
土曜（学校休業日含む）：8：30～18：30（延長利用：19：00）
学校休業日等の平日：8：00～18：30（延長利用：19：00）
閉室日：日曜日、祝日、年末年始（12/29～1/12）",無,,,,,,,,,,,,,,,
112038,k130000257,埼玉県川口市,青木中央小放課後児童クラブ,アオキチュオウショウホウカゴジドウクラブ,,放課後児童クラブ,112038,,埼玉県川口市中青木２－２１－５,埼玉県,川口市中青木２－２１－５,,,,35.810028,139.722,,,,,048-259-7115,,048-259-7115,,,,,,川口市,,,６歳～１２歳（小学校１年生～６年生）,月火水木金土,,,"平日：放課後～18：30（延長利用：19：00）
土曜（学校休業日含む）：8：30～18：30（延長利用：19：00）
学校休業日等の平日：8：00～18：30（延長利用：19：00）
閉室日：日曜日、祝日、年末年始（12/29～1/13）",無,,,,,,,,,,,,,,,
112038,k130000258,埼玉県川口市,元郷南小放課後児童クラブ,モトゴウミナミショウホウカゴジドウクラブ,,放課後児童クラブ,112038,,埼玉県川口市元郷２－１５－２０,埼玉県,川口市元郷２－１５－２０,,,,35.798161,139.731033,,,,,048-222-9960,,048-222-9960,,,,,,川口市,,,６歳～１２歳（小学校１年生～６年生）,月火水木金土,,,"平日：放課後～18：30（延長利用：19：00）
土曜（学校休業日含む）：8：30～18：30（延長利用：19：00）
学校休業日等の平日：8：00～18：30（延長利用：19：00）
閉室日：日曜日、祝日、年末年始（12/29～1/14）",無,,,,,,,,,,,,,,,
112038,k130000259,埼玉県川口市,芝西小放課後児童クラブ,シバニシショウホウカゴジドウクラブ,,放課後児童クラブ,112038,,埼玉県川口市芝西２－２０－３,埼玉県,川口市芝西２－２０－３,,,,35.840672,139.684143,,,,,048-262-2777,,048-262-2777,,,,,,川口市,,,６歳～１２歳（小学校１年生～６年生）,月火水木金土,,,"平日：放課後～18：30（延長利用：19：00）
土曜（学校休業日含む）：8：30～18：30（延長利用：19：00）
学校休業日等の平日：8：00～18：30（延長利用：19：00）
閉室日：日曜日、祝日、年末年始（12/29～1/15）",無,,,,,,,,,,,,,,,
112038,k130000260,埼玉県川口市,芝南小放課後児童クラブ,シバミナミショウホウカゴジドウクラブ,,放課後児童クラブ,112038,,埼玉県川口市芝３－１７－１,埼玉県,川口市芝３－１７－１,,,,35.83427,139.69873,,,,,048-262-6350,,048-262-6350,,,,,,川口市,,,６歳～１２歳（小学校１年生～６年生）,月火水木金土,,,"平日：放課後～18：30（延長利用：19：00）
土曜（学校休業日含む）：8：30～18：30（延長利用：19：00）
学校休業日等の平日：8：00～18：30（延長利用：19：00）
閉室日：日曜日、祝日、年末年始（12/29～1/16）",無,,,,,,,,,,,,,,,
112038,k130000261,埼玉県川口市,神根東小放課後児童クラブ,カミネヒガシショウホウカゴジドウクラブ,,放課後児童クラブ,112038,,埼玉県川口市大字石神１４４０,埼玉県,川口市大字石神１４４０,,,,35.853935,139.739883,,,,,048-298-0116,,048-298-0116,,,,,,川口市,,,６歳～１２歳（小学校１年生～６年生）,月火水木金土,,,"平日：放課後～18：30（延長利用：19：00）
土曜（学校休業日含む）：8：30～18：30（延長利用：19：00）
学校休業日等の平日：8：00～18：30（延長利用：19：00）
閉室日：日曜日、祝日、年末年始（12/29～1/17）",無,,,,,,,,,,,,,,,
112038,k130000262,埼玉県川口市,朝日東小放課後児童クラブ,アサヒヒガシショウホウカゴジドウクラブ,,放課後児童クラブ,112038,,埼玉県川口市朝日５－１５－１,埼玉県,川口市朝日５－１５－１,,,,35.806587,139.749283,,,,,048-223-0166,,048-223-0166,,,,,,川口市,,,６歳～１２歳（小学校１年生～６年生）,月火水木金土,,,"平日：放課後～18：30（延長利用：19：00）
土曜（学校休業日含む）：8：30～18：30（延長利用：19：00）
学校休業日等の平日：8：00～18：30（延長利用：19：00）
閉室日：日曜日、祝日、年末年始（12/29～1/18）",無,,,,,,,,,,,,,,,
112038,k130000263,埼玉県川口市,前川東小放課後児童クラブ,マエカワヒガシショウホウカゴジドウクラブ,,放課後児童クラブ,112038,,埼玉県川口市前上町１０－１,埼玉県,川口市前上町１０－１,,,,35.834755,139.713913,,,,,048-268-4183,,048-268-4183,,,,,,川口市,,,６歳～１２歳（小学校１年生～６年生）,月火水木金土,,,"平日：放課後～18：30（延長利用：19：00）
土曜（学校休業日含む）：8：30～18：30（延長利用：19：00）
学校休業日等の平日：8：00～18：30（延長利用：19：00）
閉室日：日曜日、祝日、年末年始（12/29～1/19）",無,,,,,,,,,,,,,,,
112038,k130000264,埼玉県川口市,柳崎小放課後児童クラブ,ヤナギサキショウホウカゴジドウクラブ,,放課後児童クラブ,112038,,埼玉県川口市柳崎４－４－１,埼玉県,川口市柳崎４－４－１,,,,35.855507,139.700836,,,,,048-265-6093,,048-265-6093,,,,,,川口市,,,６歳～１２歳（小学校１年生～６年生）,月火水木金土,,,"平日：放課後～18：30（延長利用：19：00）
土曜（学校休業日含む）：8：30～18：30（延長利用：19：00）
学校休業日等の平日：8：00～18：30（延長利用：19：00）
閉室日：日曜日、祝日、年末年始（12/29～1/20）",無,,,,,,,,,,,,,,,
112038,k130000265,埼玉県川口市,芝樋ノ爪小放課後児童クラブ,シバヒノツメショウホウカゴジドウクラブ,,放課後児童クラブ,112038,,埼玉県川口市芝樋ノ爪２－１０－４８,埼玉県,川口市芝樋ノ爪２－１０－４８,,,,35.834461,139.687561,,,,,048-266-6620,,048-266-6620,,,,,,川口市,,,６歳～１２歳（小学校１年生～６年生）,月火水木金土,,,"平日：放課後～18：30（延長利用：19：00）
土曜（学校休業日含む）：8：30～18：30（延長利用：19：00）
学校休業日等の平日：8：00～18：30（延長利用：19：00）
閉室日：日曜日、祝日、年末年始（12/29～1/21）",無,,,,,,,,,,,,,,,
112038,k130000266,埼玉県川口市,根岸小放課後児童クラブ,ネギシショウホウカゴジドウクラブ,,放課後児童クラブ,112038,,埼玉県川口市大字安行領根岸１１３,埼玉県,川口市大字安行領根岸１１３,,,,35.842773,139.716141,,,,,048-281-1405,,048-281-1405,,,,,,川口市,,,６歳～１２歳（小学校１年生～６年生）,月火水木金土,,,"平日：放課後～18：30（延長利用：19：00）
土曜（学校休業日含む）：8：30～18：30（延長利用：19：00）
学校休業日等の平日：8：00～18：30（延長利用：19：00）
閉室日：日曜日、祝日、年末年始（12/29～1/22）",無,,,,,,,,,,,,,,,
112038,k130000267,埼玉県川口市,本町小放課後児童クラブ,ホンチョウショウホウカゴジドウクラブ,,放課後児童クラブ,112038,,埼玉県川口市本町２－４－６,埼玉県,川口市本町２－４－６,,,,35.799686,139.724716,,,,,048-222-2301,,048-222-2301,,,,,,川口市,,,６歳～１２歳（小学校１年生～６年生）,月火水木金土,,,"平日：放課後～18：30（延長利用：19：00）
土曜（学校休業日含む）：8：30～18：30（延長利用：19：00）
学校休業日等の平日：8：00～18：30（延長利用：19：00）
閉室日：日曜日、祝日、年末年始（12/29～1/23）",無,,,,,,,,,,,,,,,
112038,k130000268,埼玉県川口市,新郷小放課後児童クラブ,シンゴウショウホウカゴジドウクラブ,,放課後児童クラブ,112038,,埼玉県川口市大字東本郷１３１３,埼玉県,川口市大字東本郷１３１３,,,,35.82842,139.765304,,,,,048-281-2002,,048-281-2002,,,,,,川口市,,,６歳～１２歳（小学校１年生～６年生）,月火水木金土,,,"平日：放課後～18：30（延長利用：19：00）
土曜（学校休業日含む）：8：30～18：30（延長利用：19：00）
学校休業日等の平日：8：00～18：30（延長利用：19：00）
閉室日：日曜日、祝日、年末年始（12/29～1/24）",無,,,,,,,,,,,,,,,
112038,k130000269,埼玉県川口市,芝富士小放課後児童クラブ,シバフジショウホウカゴジドウクラブ,,放課後児童クラブ,112038,,埼玉県川口市芝富士２－１７－１,埼玉県,川口市芝富士２－１７－１,,,,35.836224,139.721939,,,,,048-262-6360,,048-262-6360,,,,,,川口市,,,６歳～１２歳（小学校１年生～６年生）,月火水木金土,,,"平日：放課後～18：30（延長利用：19：00）
土曜（学校休業日含む）：8：30～18：30（延長利用：19：00）
学校休業日等の平日：8：00～18：30（延長利用：19：00）
閉室日：日曜日、祝日、年末年始（12/29～1/25）",無,,,,,,,,,,,,,,,
112038,k130000270,埼玉県川口市,芝中央小放課後児童クラブ,シバチュウオウショウホウカゴジドウクラブ,,放課後児童クラブ,112038,,埼玉県川口市大字伊刈６９２,埼玉県,川口市大字伊刈６９２,,,,35.842225,139.697149,,,,,048-266-5614,,048-266-5614,,,,,,川口市,,,６歳～１２歳（小学校１年生～６年生）,月火水木金土,,,"平日：放課後～18：30（延長利用：19：00）
土曜（学校休業日含む）：8：30～18：30（延長利用：19：00）
学校休業日等の平日：8：00～18：30（延長利用：19：00）
閉室日：日曜日、祝日、年末年始（12/29～1/26）",無,,,,,,,,,,,,,,,
112038,k130000271,埼玉県川口市,差間小放課後児童クラブ,サシマショウホウカゴジドウクラブ,,放課後児童クラブ,112038,,埼玉県川口市大字差間４３０,埼玉県,川口市大字差間４３０,,,,35.867836,139.729584,,,,,048-296-8563,,048-296-8563,,,,,,川口市,,,６歳～１２歳（小学校１年生～６年生）,月火水木金土,,,"平日：放課後～18：30（延長利用：19：00）
土曜（学校休業日含む）：8：30～18：30（延長利用：19：00）
学校休業日等の平日：8：00～18：30（延長利用：19：00）
閉室日：日曜日、祝日、年末年始（12/29～1/27）",無,,,,,,,,,,,,,,,
112038,k130000272,埼玉県川口市,戸塚小放課後児童クラブ,トヅカショウホウカゴジドウクラブ,,放課後児童クラブ,112038,,埼玉県川口市戸塚３－１３－５５,埼玉県,川口市戸塚３－１３－５５,,,,35.869034,139.747757,,,,,048-298-0327,,048-298-0327,,,,,,川口市,,,６歳～１２歳（小学校１年生～６年生）,月火水木金土,,,"平日：放課後～18：30（延長利用：19：00）
土曜（学校休業日含む）：8：30～18：30（延長利用：19：00）
学校休業日等の平日：8：00～18：30（延長利用：19：00）
閉室日：日曜日、祝日、年末年始（12/29～1/28）",無,,,,,,,,,,,,,,,
112038,k130000273,埼玉県川口市,上青木南小放課後児童クラブ,カミアオキミナミショウホウカゴジドウクラブ,,放課後児童クラブ,112038,,埼玉県川口市上青木１－６－４３,埼玉県,川口市上青木１－６－４３,,,,35.822041,139.718903,,,,,048-251-1525,,048-251-1525,,,,,,川口市,,,６歳～１２歳（小学校１年生～６年生）,月火水木金土,,,"平日：放課後～18：30（延長利用：19：00）
土曜（学校休業日含む）：8：30～18：30（延長利用：19：00）
学校休業日等の平日：8：00～18：30（延長利用：19：00）
閉室日：日曜日、祝日、年末年始（12/29～1/29）",無,,,,,,,,,,,,,,,
112038,k130000274,埼玉県川口市,東領家小放課後児童クラブ,ヒガシリョウケショウホウカゴジドウクラブ,,放課後児童クラブ,112038,,埼玉県川口市東領家３－５－９,埼玉県,川口市東領家３－５－９,,,,35.794239,139.751175,,,,,048-222-9970,,048-222-9970,,,,,,川口市,,,６歳～１２歳（小学校１年生～６年生）,月火水木金土,,,"平日：放課後～18：30（延長利用：19：00）
土曜（学校休業日含む）：8：30～18：30（延長利用：19：00）
学校休業日等の平日：8：00～18：30（延長利用：19：00）
閉室日：日曜日、祝日、年末年始（12/29～1/30）",無,,,,,,,,,,,,,,,
112038,k130000275,埼玉県川口市,在家小放課後児童クラブ,ザイケショウホウカゴジドウクラブ,,放課後児童クラブ,112038,,埼玉県川口市大字安行領在家３２３,埼玉県,川口市大字安行領在家３２３,,,,35.854355,139.711914,,,,,048-295-7008,,048-295-7008,,,,,,川口市,,,６歳～１２歳（小学校１年生～６年生）,月火水木金土,,,"平日：放課後～18：30（延長利用：19：00）
土曜（学校休業日含む）：8：30～18：30（延長利用：19：00）
学校休業日等の平日：8：00～18：30（延長利用：19：00）
閉室日：日曜日、祝日、年末年始（12/29～1/31）",無,,,,,,,,,,,,,,,
112038,k130000276,埼玉県川口市,戸塚東小放課後児童クラブ,トヅカヒガシショウホウカゴジドウクラブ,,放課後児童クラブ,112038,,埼玉県川口市戸塚東２－１８－２０,埼玉県,川口市戸塚東２－１８－２０,,,,35.87122,139.755676,,,,,048-298-0183,,048-298-0183,,,,,,川口市,,,６歳～１２歳（小学校１年生～６年生）,月火水木金土,,,"平日：放課後～18：30（延長利用：19：00）
土曜（学校休業日含む）：8：30～18：30（延長利用：19：00）
学校休業日等の平日：8：00～18：30（延長利用：19：00）
閉室日：日曜日、祝日、年末年始（12/29～1/32）",無,,,,,,,,,,,,,,,
112038,k130000277,埼玉県川口市,安行東小放課後児童クラブ,アンギョウヒガシショウホウカゴジドウクラブ,,放課後児童クラブ,112038,,埼玉県川口市安行出羽４－１－１,埼玉県,川口市安行出羽４－１－１,,,,35.852203,139.766235,,,,,048-298-0152,,048-298-0152,,,,,,川口市,,,６歳～１２歳（小学校１年生～６年生）,月火水木金土,,,"平日：放課後～18：30（延長利用：19：00）
土曜（学校休業日含む）：8：30～18：30（延長利用：19：00）
学校休業日等の平日：8：00～18：30（延長利用：19：00）
閉室日：日曜日、祝日、年末年始（12/29～1/33）",無,,,,,,,,,,,,,,,
112038,k130000278,埼玉県川口市,安行小放課後児童クラブ,アンギョウショウホウカゴジドウクラブ,,放課後児童クラブ,112038,,埼玉県川口市大字安行原２０２０,埼玉県,川口市大字安行原２０２０,,,,35.839573,139.765869,,,,,048-294-9095,,048-294-9095,,,,,,川口市,,,６歳～１２歳（小学校１年生～６年生）,月火水木金土,,,"平日：放課後～18：30（延長利用：19：00）
土曜（学校休業日含む）：8：30～18：30（延長利用：19：00）
学校休業日等の平日：8：00～18：30（延長利用：19：00）
閉室日：日曜日、祝日、年末年始（12/29～1/34）",無,,,,,,,,,,,,,,,
112038,k130000279,埼玉県川口市,慈林小放課後児童クラブ,ジリンショウホウカゴジドウクラブ,,放課後児童クラブ,112038,,埼玉県川口市大字安行慈林３５６,埼玉県,川口市大字安行慈林３５６,,,,35.841003,139.750854,,,,,048-281-3304,,048-281-3304,,,,,,川口市,,,６歳～１２歳（小学校１年生～６年生）,月火水木金土,,,"平日：放課後～18：30（延長利用：19：00）
土曜（学校休業日含む）：8：30～18：30（延長利用：19：00）
学校休業日等の平日：8：00～18：30（延長利用：19：00）
閉室日：日曜日、祝日、年末年始（12/29～1/35）",無,,,,,,,,,,,,,,,
112038,k130000280,埼玉県川口市,並木小放課後児童クラブ,ナミキショウホウカゴジドウクラブ,,放課後児童クラブ,112038,,埼玉県川口市並木１－２４－１,埼玉県,川口市並木１－２４－１,,,,35.811909,139.713364,,,,,048-252-5682,,048-252-5682,,,,,,川口市,,,６歳～１２歳（小学校１年生～６年生）,月火水木金土,,,"平日：放課後～18：30（延長利用：19：00）
土曜（学校休業日含む）：8：30～18：30（延長利用：19：00）
学校休業日等の平日：8：00～18：30（延長利用：19：00）
閉室日：日曜日、祝日、年末年始（12/29～1/36）",無,,,,,,,,,,,,,,,
112038,k130000281,埼玉県川口市,舟戸小放課後児童クラブ,フナトショウホウカゴジドウクラブ,,放課後児童クラブ,112038,,埼玉県川口市舟戸町２－１,埼玉県,川口市舟戸町２－１,,,,35.794456,139.721771,,,,,048-222-7911,,048-222-7911,,,,,,川口市,,,６歳～１２歳（小学校１年生～６年生）,月火水木金土,,,"平日：放課後～18：30（延長利用：19：00）
土曜（学校休業日含む）：8：30～18：30（延長利用：19：00）
学校休業日等の平日：8：00～18：30（延長利用：19：00）
閉室日：日曜日、祝日、年末年始（12/29～1/37）",無,,,,,,,,,,,,,,,
112038,k130000282,埼玉県川口市,飯塚小放課後児童クラブ,イイヅカショウホウカゴジドウクラブ,,放課後児童クラブ,112038,,埼玉県川口市飯塚２－１１－１,埼玉県,川口市飯塚２－１１－１,,,,35.799085,139.712158,,,,,048-251-4102,,048-251-4102,,,,,,川口市,,,６歳～１２歳（小学校１年生～６年生）,月火水木金土,,,"平日：放課後～18：30（延長利用：19：00）
土曜（学校休業日含む）：8：30～18：30（延長利用：19：00）
学校休業日等の平日：8：00～18：30（延長利用：19：00）
閉室日：日曜日、祝日、年末年始（12/29～1/38）",無,,,,,,,,,,,,,,,
112038,k130000283,埼玉県川口市,新郷東小放課後児童クラブ,シンゴウヒガシショウホウカゴジドウクラブ,,放課後児童クラブ,112038,,埼玉県川口市大字峯３６１,埼玉県,川口市大字峯３６１,,,,35.82967,139.776154,,,,,048-297-9020,,048-297-9020,,,,,,川口市,,,６歳～１２歳（小学校１年生～６年生）,月火水木金土,,,"平日：放課後～18：30（延長利用：19：00）
土曜（学校休業日含む）：8：30～18：30（延長利用：19：00）
学校休業日等の平日：8：00～18：30（延長利用：19：00）
閉室日：日曜日、祝日、年末年始（12/29～1/39）",無,,,,,,,,,,,,,,,
112038,k130000284,埼玉県川口市,戸塚北小放課後児童クラブ,トヅカキタショウホウカゴジドウクラブ,,放課後児童クラブ,112038,,埼玉県川口市東川口３－１２－１,埼玉県,川口市東川口３－１２－１,,,,35.879051,139.746246,,,,,048-294-9373,,048-294-9373,,,,,,川口市,,,６歳～１２歳（小学校１年生～６年生）,月火水木金土,,,"平日：放課後～18：30（延長利用：19：00）
土曜（学校休業日含む）：8：30～18：30（延長利用：19：00）
学校休業日等の平日：8：00～18：30（延長利用：19：00）
閉室日：日曜日、祝日、年末年始（12/29～1/40）",無,,,,,,,,,,,,,,,
112038,k130000285,埼玉県川口市,木曽呂小放課後児童クラブ,キゾロショウホウカゴジドウクラブ,,放課後児童クラブ,112038,,埼玉県川口市大字木曽呂３８２－２,埼玉県,川口市大字木曽呂３８２－２,,,,35.859489,139.725113,,,,,048-298-0303,,048-298-0303,,,,,,川口市,,,６歳～１２歳（小学校１年生～６年生）,月火水木金土,,,"平日：放課後～18：30（延長利用：19：00）
土曜（学校休業日含む）：8：30～18：30（延長利用：19：00）
学校休業日等の平日：8：00～18：30（延長利用：19：00）
閉室日：日曜日、祝日、年末年始（12/29～1/41）",無,,,,,,,,,,,,,,,
112038,k130000286,埼玉県川口市,戸塚綾瀬小放課後児童クラブ,トヅカアヤセショウホウカゴジドウクラブ,,放課後児童クラブ,112038,,埼玉県川口市大字藤兵衛新田２３９－１,埼玉県,川口市大字藤兵衛新田２３９－１,,,,35.868229,139.765488,,,,,048-294-7821,,048-294-7821,,,,,,川口市,,,６歳～１２歳（小学校１年生～６年生）,月火水木金土,,,"平日：放課後～18：30（延長利用：19：00）
土曜（学校休業日含む）：8：30～18：30（延長利用：19：00）
学校休業日等の平日：8：00～18：30（延長利用：19：00）
閉室日：日曜日、祝日、年末年始（12/29～1/42）",無,,,,,,,,,,,,,,,
112038,k130000287,埼玉県川口市,芝小放課後児童クラブ,シバショウホウカゴジドウクラブ,,放課後児童クラブ,112038,,埼玉県川口市大字芝５２１８,埼玉県,川口市大字芝５２１８,,,,35.837692,139.692673,,,,,048-265-2650,,048-265-2650,,,,,,川口市,,,６歳～１２歳（小学校１年生～６年生）,月火水木金土,,,"平日：放課後～18：30（延長利用：19：00）
土曜（学校休業日含む）：8：30～18：30（延長利用：19：00）
学校休業日等の平日：8：00～18：30（延長利用：19：00）
閉室日：日曜日、祝日、年末年始（12/29～1/43）",無,,,,,,,,,,,,,,,
112038,k130000288,埼玉県川口市,飯仲小放課後児童クラブ,イイナカショウホウカゴジドウクラブ,,放課後児童クラブ,112038,,埼玉県川口市南町２－３－１,埼玉県,川口市南町２－３－１,,,,35.804047,139.707977,,,,,048-254-5650,,048-254-5650,,,,,,川口市,,,６歳～１２歳（小学校１年生～６年生）,月火水木金土,,,"平日：放課後～18：30（延長利用：19：00）
土曜（学校休業日含む）：8：30～18：30（延長利用：19：00）
学校休業日等の平日：8：00～18：30（延長利用：19：00）
閉室日：日曜日、祝日、年末年始（12/29～1/44）",無,,,,,,,,,,,,,,,
112038,k130000289,埼玉県川口市,朝日西小放課後児童クラブ,アサヒニシショウホウカゴジドウクラブ,,放課後児童クラブ,112038,,埼玉県川口市朝日４－１７－１２,埼玉県,川口市朝日４－１７－１２,,,,35.810215,139.742432,,,,,048-225-5168,,048-225-5168,,,,,,川口市,,,６歳～１２歳（小学校１年生～６年生）,月火水木金土,,,"平日：放課後～18：30（延長利用：19：00）
土曜（学校休業日含む）：8：30～18：30（延長利用：19：00）
学校休業日等の平日：8：00～18：30（延長利用：19：00）
閉室日：日曜日、祝日、年末年始（12/29～1/45）",無,,,,,,,,,,,,,,,
112038,k130000290,埼玉県川口市,新郷南小放課後児童クラブ,シンゴウミナミショウホウカゴジドウクラブ,,放課後児童クラブ,112038,,埼玉県川口市江戸３－１２－１,埼玉県,川口市江戸３－１２－１,,,,35.819904,139.752518,,,,,048-281-7716,,048-281-7716,,,,,,川口市,,,６歳～１２歳（小学校１年生～６年生）,月火水木金土,,,"平日：放課後～18：30（延長利用：19：00）
土曜（学校休業日含む）：8：30～18：30（延長利用：19：00）
学校休業日等の平日：8：00～18：30（延長利用：19：00）
閉室日：日曜日、祝日、年末年始（12/29～1/46）",無,,,,,,,,,,,,,,,
112038,k130000291,埼玉県川口市,東本郷小放課後児童クラブ,ヒガシホンゴウショウホウカゴジドウクラブ,,放課後児童クラブ,112038,,埼玉県川口市大字東本郷６３０,埼玉県,川口市大字東本郷６３０,,,,35.823524,139.765642,,,,,048-284-2260,,048-284-2260,,,,,,川口市,,,６歳～１２歳（小学校１年生～６年生）,月火水木金土,,,"平日：放課後～18：30（延長利用：19：00）
土曜（学校休業日含む）：8：30～18：30（延長利用：19：00）
学校休業日等の平日：8：00～18：30（延長利用：19：00）
閉室日：日曜日、祝日、年末年始（12/29～1/47）",無,,,,,,,,,,,,,,,
112038,k130000292,埼玉県川口市,戸塚南小放課後児童クラブ,トヅカミナミショウホウカゴジドウクラブ,,放課後児童クラブ,112038,,埼玉県川口市大字戸塚南４－１０－１,埼玉県,川口市大字戸塚南４－１０－１,,,,35.865054,139.744999,,,,,048-295-8877,,048-295-8877,,,,,,川口市,,,６歳～１２歳（小学校１年生～６年生）,月火水木金土,,,"平日：放課後～18：30（延長利用：19：00）
土曜（学校休業日含む）：8：30～18：30（延長利用：19：00）
学校休業日等の平日：8：00～18：30（延長利用：19：00）
閉室日：日曜日、祝日、年末年始（12/29～1/48）",無,,,,,,,,,,,,,,,
112038,k130000293,埼玉県川口市,桜町小放課後児童クラブ,サクラチョウショウホウカゴジドウクラブ,,放課後児童クラブ,112038,,埼玉県川口市桜町３－２－１７,埼玉県,川口市桜町３－２－１７,,,,35.841295,139.738584,,,,,048-283-1206,,048-283-1206,,,,,,川口市,,,６歳～１２歳（小学校１年生～６年生）,月火水木金土,,,"平日：放課後～18：30（延長利用：19：00）
土曜（学校休業日含む）：8：30～18：30（延長利用：19：00）
学校休業日等の平日：8：00～18：30（延長利用：19：00）
閉室日：日曜日、祝日、年末年始（12/29～1/49）",無,,,,,,,,,,,,,,,
112038,k130000294,埼玉県川口市,鳩ヶ谷小放課後児童クラブ,ハトガヤショウホウカゴジドウクラブ,,放課後児童クラブ,112038,,埼玉県川口市鳩ヶ谷本町１－６－３,埼玉県,川口市鳩ヶ谷本町１－６－３,,,,35.832771,139.738663,,,,,048-285-5655,,048-285-5655,,,,,,川口市,,,６歳～１２歳（小学校１年生～６年生）,月火水木金土,,,"平日：放課後～18：30（延長利用：19：00）
土曜（学校休業日含む）：8：30～18：30（延長利用：19：00）
学校休業日等の平日：8：00～18：30（延長利用：19：00）
閉室日：日曜日、祝日、年末年始（12/29～1/50）",無,,,,,,,,,,,,,,,
112038,k130000295,埼玉県川口市,中居小放課後児童クラブ,ナカイショウホウカゴジドウクラブ,,放課後児童クラブ,112038,,埼玉県川口市南鳩ヶ谷２－１－１,埼玉県,川口市南鳩ヶ谷２－１－１,,,,35.817986,139.74263,,,,,048-285-5949,,048-285-5949,,,,,,川口市,,,６歳～１２歳（小学校１年生～６年生）,月火水木金土,,,"平日：放課後～18：30（延長利用：19：00）
土曜（学校休業日含む）：8：30～18：30（延長利用：19：00）
学校休業日等の平日：8：00～18：30（延長利用：19：00）
閉室日：日曜日、祝日、年末年始（12/29～1/51）",無,,,,,,,,,,,,,,,
112038,k130000296,埼玉県川口市,辻小放課後児童クラブ,ツジショウホウカゴジドウクラブ,,放課後児童クラブ,112038,,埼玉県川口市南鳩ヶ谷７－２３－２２,埼玉県,川口市南鳩ヶ谷７－２３－２２,,,,35.822846,139.732972,,,,,048-281-2511,,048-281-2511,,,,,,川口市,,,６歳～１２歳（小学校１年生～６年生）,月火水木金土,,,"平日：放課後～18：30（延長利用：19：00）
土曜（学校休業日含む）：8：30～18：30（延長利用：19：00）
学校休業日等の平日：8：00～18：30（延長利用：19：00）
閉室日：日曜日、祝日、年末年始（12/29～1/52）",無,,,,,,,,,,,,,,,
112038,k130000297,埼玉県川口市,里小放課後児童クラブ,サトショウホウカゴジドウクラブ,,放課後児童クラブ,112038,,埼玉県川口市大字里６４５－１,埼玉県,川口市大字里６４５－１,,,,35.835751,139.7332,,,,,048-285-8300,,048-285-8300,,,,,,川口市,,,６歳～１２歳（小学校１年生～６年生）,月火水木金土,,,"平日：放課後～18：30（延長利用：19：00）
土曜（学校休業日含む）：8：30～18：30（延長利用：19：00）
学校休業日等の平日：8：00～18：30（延長利用：19：00）
閉室日：日曜日、祝日、年末年始（12/29～1/53）",無,,,,,,,,,,,,,,,
112038,k130000298,埼玉県川口市,南鳩ヶ谷小放課後児童クラブ,ミナミハトガヤショウホウカゴジドウクラブ,,放課後児童クラブ,112038,,埼玉県川口市南鳩ヶ谷５－２６－２４,埼玉県,川口市南鳩ヶ谷５－２６－２４,,,,35.814686,139.732117,,,,,048-283-6333,,048-283-6333,,,,,,川口市,,,６歳～１２歳（小学校１年生～６年生）,月火水木金土,,,"平日：放課後～18：30（延長利用：19：00）
土曜（学校休業日含む）：8：30～18：30（延長利用：19：00）
学校休業日等の平日：8：00～18：30（延長利用：19：00）
閉室日：日曜日、祝日、年末年始（12/29～1/54）",無,,,,,,,,,,,,,,,
112038,k130000299,埼玉県川口市,学童　ゆういく,ガクドウ　ユウイク,,放課後児童クラブ,112038,,埼玉県川口市幸町1-1-31,埼玉県,川口市幸町1-1-31,,,イーストコート202,35.8051471,139.7209381,,,,,(048)278-1774,,,,,,,,特定非営利活動法人ゆういく,2023/1/11,40,小学校1年生から6年生,月火水木金土,,,開始時間については、小学校の授業日は放課後から20:00まで、小学校の授業の休業日(土曜日を含む)は7:30から20:00まで。休室日は日曜日、祝日及び12/29から1/3まで、お盆期間（8/15前後）。,,,,,,,,,,,,,,,,
112038,k130000300,埼玉県川口市,石原塾放課後児童クラブ,イシハラジュクホウカゴジドウクラブ,,放課後児童クラブ,112038,,埼玉県川口市幸町2-2-16,埼玉県,川口市幸町2-2-16,,,クレールマルシェ川口303B,35.8052093,139.719567,,,,,(048)229-1714,,,,,,,,株式会社オープンアップ,2023/3/1,20,小学校1年生から6年生,月火水木金,,,開始時間については、小学校の授業日は放課後から21:00まで、小学校の授業の休業日は9:00から21:00まで。休室日は土曜日、日曜日、祝日及び年末年始（年度に応じ別に定める）。,,,,,,,,,,,,,,,,
112038,k130000301,埼玉県川口市,コマームナーサリー樹モール,コマームナーサリージュモール,,認可私立保育所,112038,,埼玉県川口市栄町3-13-1,埼玉県,川口市栄町3-13-1,,,2F,35.803211,139.7203,,,,,(048)452-8622,,(048)452-8623,,,,,,株式会社　コマーム,2023/4/1,60,0歳から5歳,月火水木金土,7:00,19:00,土曜日の開所時間は07：00から19：00休所日は日曜日及び祝日、12/29から1/3まで,無,,,,,,,,,,,,,,,
112038,k130000302,埼玉県川口市,コマームナーサリー本町,コマームナーサリーホンチョウ,,認可私立保育所,112038,,埼玉県川口市本町3-6-30,埼玉県,川口市本町3-6-30,,,本町三丁目分室　2F、3F,35.800205,139.723007,,,,,(048)242-5957,,(048)242-5958,,,,,,株式会社　コマーム,2023/4/1,60,3歳から5歳,月火水木金土,7:00,19:30,土曜日の開所時間は07：00から18：00休所日は日曜日及び祝日、12/29から1/3まで,無,,,,,,,,,,,,,,,
112038,k130000303,埼玉県川口市,認定こども園新郷南幼稚園,ニンテイコドモエンシンゴウミナミヨウチエン,,認定こども園（幼保連携型）,112038,,埼玉県川口市本蓮3-2-15,埼玉県,川口市本蓮3-2-15,,,,35.815189,139.760095,,,,,(048)282-3434,,(048)287-0191,,,,,,学校法人　平林学園,2023/4/1,222,0歳から5歳,月火水木金土,7:00,19:00,"保育所の土曜日の開所時間は07：00から19：00休所日は日曜日及び祝日、12/29から1/3まで
幼稚園の休所日は土曜日、日曜日、祝日及び夏季・冬季・春季休園日並びにその他休園日",有,,,,,,,,,,,,,,,
112038,k130000304,埼玉県川口市,第２東川口鳩笛保育園,ダイニヒガシカワグチハトブエホイクエン,,認可私立保育所,112038,,埼玉県川口市戸塚2-3-30,埼玉県,川口市戸塚2-3-30,,,,35.872474,139.744745,,,,,(048)452-4034,,(048)452-4035,,,,,,社会福祉法人　精寿会,2023/4/1,,1歳から5歳,月火水木金土,7:00,19:00,土曜日の開所時間は07：00から18：00休所日は日曜日及び祝日、12/29から1/3まで,有,,,,,,,,,,,,,,,
112038,k130000305,埼玉県川口市,安行こども園,アンギョウコドモエン,,認定こども園（幼保連携型）,112038,,埼玉県川口市安行領家1193,埼玉県,川口市安行領家1193,,,,35.849503,139.760839,,,,,(048)296-7747,,(048)294-8833,,,,,,学校法人　安行学園,2024/4/1,,1歳から5歳,月火水木金土,7:00,19:00,"保育所の土曜日の開所時間は07：00から19：00休所日は日曜日及び祝日、12/29から1/3まで
幼稚園の休所日は土曜日、日曜日、祝日及び夏季・冬季・春季休園日並びにその他休園日",無,,,,,,,,,,,,,,,
